AIRT,2016,4.866666666666666666666666667,74497.901,20.11,4.07,4.15,3.1,1.5,15.31,13.62,32.12,136.53,99.0,98.08,nan,0.71,74.7,30.43,32.68,2.48,1.52,nan,26.89,17.53,13.57,41.46,3.1,0.09733333333333333333333333333
AIRT,2015,5.266666666666666666666666667,72482.854,15.71,2.27,3.04,2.78,1.46,8.69,7.4,11.32,-2.35,69.36,73.33,nan,1.72,88.99,18.97,31.44,4.69,3.64,0.17,32.18,21.5,11.34,34.21,2.78,-0.08050674295055169595422966898
ATSG,2016,4.866666666666666666666666667,74497.901,69.91,8.29,4.48,0.67,3.79,6.75,4.12,24.16,-12.42,-43.02,-41.27,nan,34.4,10.53,12.37,73.64,0.85,0.6,1.29,32.1,88.02,11.37,0.82,0.67,0.4498746867167919799498746867
ATSG,2015,5.266666666666666666666666667,72482.854,71.26,11.75,10.1,0.6,2.86,11.59,7.02,5.03,12.81,38.05,36.96,nan,25.63,9.72,12.17,65.06,0.8,0.6,0.78,29.91,91.24,12.2,0.71,0.6,0.5833333333333333333333333333
ATSG,2014,6.175,69710.435,69.13,10.94,8.78,0.57,2.97,8.34,5.32,1.65,-1.89,nan,nan,nan,19.03,11.35,10.83,66.32,1.05,0.66,0.92,29.64,75.63,12.31,0.7,0.57,0.1775700934579439252336448598
ATSG,2013,7.358333333333333333333333333,66766.067,68.09,11.34,-0.06,0.56,2.8,-5.87,-1.47,-4.51,-16.42,nan,nan,nan,19.43,11.58,9.69,64.29,1.2,0.84,0.98,31.5,70.34,11.59,0.7,0.56,0.05809641532756489493201483313
ATSG,2012,8.075,64621.020,68.16,12.95,10.92,0.6,3.46,14.36,7.78,-16.8,-12.35,76.24,75.0,nan,25.56,10.05,9.61,71.1,1.05,0.64,1.15,27.08,80.09,13.48,0.77,0.6,1.017456359102244389027431421
ALGT,2016,4.866666666666666666666666667,74497.901,63.87,33.15,25.39,0.9,3.53,53.32,20.76,7.97,-0.31,-0.36,2.09,nan,14.66,25.25,23.5,71.67,1.07,0.95,1.52,7.47,8.45,48.84,1.38,0.9,-0.07001201923076923076923076923
ALGT,2015,5.266666666666666666666666667,72482.854,62.5,34.65,27.47,0.97,3.86,68.26,25.07,11.01,45.09,154.21,166.26,nan,20.02,29.24,28.74,74.11,1.02,0.9,1.62,4.25,7.73,85.97,1.55,0.97,-0.008520526723470178156467854376
ALGT,2014,6.175,69710.435,50.78,13.84,12.06,1.05,4.23,25.93,13.31,14.14,65.57,-6.05,0.83,nan,24.57,34.99,29.33,76.35,1.19,1.03,1.84,4.99,9.21,73.19,1.91,1.05,0.1164105634271269872946185060
ALGT,2013,7.358333333333333333333333333,66766.067,46.13,15.53,14.72,1.15,2.48,23.78,16.8,9.62,-8.03,17.4,18.72,nan,17.82,46.22,31.3,59.54,1.48,1.27,0.57,6.5,10.32,56.13,2.48,1.15,0.4257397572078907435508345979
ALGT,2012,8.075,64621.020,41.63,18.52,13.72,1.21,1.99,20.9,15.92,16.63,96.91,59.11,57.98,nan,11.56,52.03,26.42,49.75,1.97,1.65,0.35,6.33,10.76,57.69,2.76,1.21,0.4363165781228715433864596104
AAL,2016,4.866666666666666666666666667,74497.901,52.64,15.73,12.27,0.42,2.64,8.96,5.21,4.51,159.07,nan,nan,nan,11.41,24.82,14.55,57.59,1.91,1.25,0.6,24.97,72.73,14.62,0.73,0.42,0.1143713857357035767830370529
AAL,2015,5.266666666666666666666666667,72482.854,24.19,9.09,-26.66,0.35,3.14,-26.17,-13.61,-24.44,nan,nan,nan,nan,20.79,26.47,12.36,64.93,2.36,1.5,0.98,28.21,73.77,12.94,0.6,0.35,0.1024793388429752066115702479
AAL,2014,6.175,69710.435,30.07,15.95,-0.96,0.39,2.5,-8.65,-5.03,-7.74,nan,nan,nan,nan,22.65,21.68,11.17,56.15,2.12,1.36,0.64,29.68,61.74,12.3,0.68,0.39,-0.2103300391571881409658773075
AAL,2013,7.358333333333333333333333333,66766.067,23.88,9.34,5.79,0.39,2.24,-2.77,-1.5,2.02,nan,nan,nan,nan,21.34,22.71,12.76,51.63,1.94,1.3,0.49,31.82,72.76,11.47,0.68,0.39,1.123960396039603960396039604
AAL,2012,8.075,64621.020,9.92,-5.52,-0.6,0.38,2.11,-3.89,-2.33,-5.95,nan,nan,nan,nan,19.8,22.74,12.02,48.58,2.05,1.38,0.4,39.3,67.64,9.29,0.67,0.38,0.8703703703703703703703703704
ARCB,2016,4.866666666666666666666666667,74497.901,59.49,5.84,1.05,2.1,2.19,3.12,2.54,1.25,5.49,-58.42,-57.49,nan,2.92,39.85,29.58,54.28,1.35,1.15,0.3,33.57,44.08,10.87,5.32,2.1,0.1016949152542372881355932203
ARCB,2015,5.266666666666666666666666667,72482.854,59.4,7.28,2.73,2.23,2.15,7.73,6.15,2.07,6.21,-2.87,-1.18,nan,3.26,43.72,28.87,53.38,1.51,1.29,0.28,32.21,20.95,11.33,5.97,2.23,0.5170640486208508648901355774
ARCB,2014,6.175,69710.435,57.59,2.65,2.7,2.44,2.01,8.54,7.06,13.62,-11.75,192.06,186.44,nan,1.68,45.67,30.22,50.26,1.51,1.28,0.18,30.54,16.87,11.95,6.5,2.44,-0.5387103730860470131550571490
ARCB,2013,7.358333333333333333333333333,66766.067,16.57,-0.39,0.85,2.24,1.95,3.23,2.93,11.3,nan,nan,nan,nan,1.48,41.14,30.43,48.84,1.35,1.13,0.16,30.93,29.78,11.8,5.49,2.24,0.3767814726840855106888361045
ARCB,2012,8.075,64621.020,12.77,-1.92,-0.82,2.12,2.25,-1.67,-0.81,8.3,nan,nan,nan,-541.0,2.15,37.32,28.97,55.63,1.29,1.02,0.25,29.75,31.17,12.27,4.81,2.12,2.526701570680628272251308901
AAWW,2016,4.866666666666666666666666667,74497.901,49.82,9.7,4.86,0.44,2.8,2.79,2.59,0.93,-8.83,469.81,468.97,nan,19.77,8.43,13.31,64.28,0.63,0.52,1.1,32.82,35.06,11.12,0.54,0.44,0.1246404602109300095877277085
AAWW,2015,5.266666666666666666666666667,72482.854,47.0,7.81,-0.94,0.44,2.86,0.51,1.7,1.3,16.97,-93.18,-93.18,nan,14.93,15.65,13.16,65.08,1.19,1.09,1.2,32.68,28.78,11.17,0.56,0.44,0.2614900822447992259313014030
AAWW,2014,6.175,69710.435,46.3,17.89,4.98,0.46,2.89,7.81,5.62,8.59,2.85,13.77,16.12,nan,30.25,14.78,11.82,65.43,1.25,0.98,1.26,29.85,15.46,12.22,0.6,0.46,-0.1614604462474645030425963489
AAWW,2013,7.358333333333333333333333333,66766.067,45.86,18.89,7.11,0.48,2.82,7.21,5.1,0.66,39.68,-27.78,-25.15,nan,36.39,15.97,11.23,64.52,1.42,1.11,1.16,28.62,13.15,12.75,0.66,0.48,0.1980558930741190765492102066
AAWW,2012,8.075,64621.020,27.58,20.35,12.47,0.59,2.45,10.73,6.54,17.72,-13.17,35.22,34.34,nan,33.54,20.08,10.42,59.21,1.93,1.67,0.89,24.49,7.37,14.9,0.83,0.59,-0.07152527075812274368231046931
CHRW,2016,4.866666666666666666666666667,74497.901,9.23,6.37,6.18,3.83,2.93,42.63,23.03,-2.46,-2.42,0.72,2.28,nan,0.7,54.45,50.05,65.89,1.09,1.06,0.4,44.66,23.51,8.17,62.03,3.83,0.2160797160797160797160797161
CHRW,2015,5.266666666666666666666666667,72482.854,9.03,6.37,6.11,4.21,2.77,46.39,25.01,0.04,14.68,13.34,15.08,nan,0.33,54.35,45.49,63.87,1.19,1.16,0.43,41.67,21.05,8.76,78.5,4.21,0.1812318606900999677523379555
CHRW,2014,6.175,69710.435,7.93,5.56,5.37,4.48,3.07,45.27,23.46,5.63,9.63,8.13,15.09,nan,0.22,65.5,49.03,67.43,1.34,1.08,0.48,40.93,20.64,8.92,86.02,4.48,-0.1718520496728535184937908933
CHRW,2013,7.358333333333333333333333333,66766.067,7.92,5.35,5.28,4.55,2.98,34.03,20.42,12.26,1.09,-29.96,-27.79,nan,0.38,59.39,45.31,66.47,1.31,1.26,0.53,40.96,20.6,8.91,82.12,4.55,0.2834618680377035132819194516
CHRW,2012,8.075,64621.020,8.38,5.95,8.44,4.6,1.86,43.14,36.43,9.89,-2.51,37.58,40.08,870.0,0.45,59.63,43.94,46.35,1.36,1.32,nan,41.8,22.48,8.73,82.11,4.6,-0.07703258462511863334387851946
CPLP,2016,4.866666666666666666666666667,74497.901,63.67,31.32,21.72,0.15,1.72,4.35,4.27,9.66,2.55,-46.77,-10.53,nan,37.57,7.37,13.74,100.0,1.28,1.18,0.61,3.91,35.59,93.34,0.18,0.15,0.05660377358490566037735849057
CPLP,2015,5.266666666666666666666666667,72482.854,64.95,33.5,25.15,0.14,1.66,9.54,7.21,14.3,21.57,124.03,22.58,nan,94.37,6.42,9.91,100.0,1.63,1.52,0.59,4.36,32.57,83.65,0.17,0.14,-0.4239130434782608695652173913
CPLP,2014,6.175,69710.435,64.58,31.49,22.83,0.13,1.71,3.55,3.45,12.41,25.45,-55.76,-69.31,nan,15.73,11.53,7.34,100.0,3.78,3.66,0.66,6.58,34.4,55.45,0.16,0.13,-0.31
CPLP,2013,7.358333333333333333333333333,66766.067,64.19,28.22,58.01,0.14,1.79,11.67,7.87,11.4,7.24,nan,nan,nan,211.69,5.26,6.28,100.0,1.89,1.77,0.74,7.14,36.54,51.11,0.16,0.14,-0.2359121298949379178605539637
CPLP,2012,8.075,64621.020,66.59,29.31,-13.76,0.14,1.86,-5.75,-0.51,18.14,27.85,nan,nan,nan,1.05,4.62,7.21,100.0,1.38,1.28,0.8,6.83,46.97,53.45,0.15,0.14,0.5911854103343465045592705167
CVTI,2016,4.866666666666666666666666667,74497.901,64.46,4.84,4.06,1.06,2.62,7.68,3.7,-7.4,-52.13,-60.0,-60.0,nan,16.82,21.75,14.15,61.9,1.54,1.34,0.8,56.96,19.37,6.41,1.46,1.06,0.2988245931283905967450271248
CVTI,2015,5.266666666666666666666666667,72482.854,64.39,9.36,8.82,1.21,3.2,22.67,11.49,0.73,70.97,136.33,100.0,nan,25.12,26.7,19.53,68.77,1.37,1.06,1.02,52.57,15.49,6.94,1.73,1.21,0.1709899417681312863949179460
CVTI,2014,6.175,69710.435,58.64,5.51,4.53,1.41,3.27,13.21,6.99,5.03,94.4,239.59,228.57,nan,22.77,28.3,18.79,69.46,1.51,1.19,1.02,44.98,11.01,8.12,2.02,1.41,-0.3032091479158981925488749539
CVTI,2013,7.358333333333333333333333333,66766.067,55.42,2.98,1.86,1.58,4.65,5.38,3.89,1.53,-12.13,-13.54,-14.63,nan,19.85,26.47,23.45,78.48,1.13,0.88,1.82,41.98,10.98,8.69,2.25,1.58,2.302070645554202192448233861
CVTI,2012,8.075,64621.020,56.14,3.44,1.84,1.61,4.23,6.67,4.67,3.31,121.5,nan,nan,nan,6.2,27.06,32.05,76.35,0.84,0.68,1.15,38.14,9.15,9.57,2.24,1.61,0.4846292947558770343580470163
CYRX,2016,4.866666666666666666666666667,74497.901,32.14,-148.6,-166.89,1.4,1.88,nan,-541.81,49.47,nan,nan,nan,nan,19.03,70.95,37.32,46.84,1.9,1.75,0.17,49.97,nan,7.3,7.23,1.4,1.770967741935483870967741935
CYRX,2015,5.266666666666666666666666667,72482.854,29.7,-142.12,-178.52,1.82,nan,nan,nan,47.95,nan,nan,nan,nan,1.78,82.94,114.96,115.97,0.72,0.67,nan,51.27,100.1,7.12,10.98,1.82,0.5346534653465346534653465347
CYRX,2014,6.175,69710.435,16.43,-190.92,-735.5,1.53,nan,nan,nan,141.69,nan,nan,nan,nan,5.22,65.01,234.77,234.77,0.28,0.22,nan,50.29,nan,7.26,5.81,1.53,-0.6174242424242424242424242424
CYRX,2013,7.358333333333333333333333333,66766.067,-44.28,-574.67,-579.79,0.28,nan,-766.09,-381.41,98.07,nan,nan,nan,nan,16.24,54.58,142.24,217.51,0.38,0.31,nan,60.23,144.83,6.06,1.85,0.28,0.375
CYRX,2012,8.075,64621.020,-150.61,nan,nan,0.06,1.67,-161.87,-121.09,16.85,nan,nan,nan,nan,69.84,82.61,17.84,39.98,4.63,4.3,nan,60.34,119.04,6.05,0.82,0.06,-0.1578947368421052631578947368
CSX,2016,4.866666666666666666666666667,74497.901,nan,nan,42.93,0.02,19.57,-6.28,nan,-14.6,nan,nan,nan,nan,6.14,nan,nan,94.89,nan,nan,4.61,nan,nan,nan,4.34,0.02,0.5310325633175619259671583635
CSX,2015,5.266666666666666666666666667,72482.854,nan,nan,7.8,0.03,18.49,-6.67,nan,-9.32,nan,nan,nan,nan,4.97,nan,nan,94.59,nan,nan,4.45,nan,nan,nan,5.13,0.03,0.3845857418111753371868978805
CSX,2014,6.175,69710.435,nan,nan,13.82,0.03,20.96,4.35,nan,1.49,nan,-19.39,-12.3,nan,4.02,nan,nan,95.22,nan,nan,4.05,nan,nan,nan,5.39,0.03,-0.2837427546232404085012420646
CSX,2013,7.358333333333333333333333333,66766.067,nan,nan,15.89,0.03,20.7,5.99,nan,7.89,nan,72.42,54.29,nan,3.49,nan,nan,95.14,nan,nan,3.08,nan,nan,nan,4.83,0.03,0.2592978797358359402155022593
CSX,2012,8.075,64621.020,nan,nan,9.28,0.02,26.04,3.9,nan,-8.61,nan,-30.93,-40.44,nan,5.26,nan,nan,96.13,nan,nan,4.17,nan,nan,nan,3.74,0.02,0.4581855043081601621895590471
ESEA,2016,4.866666666666666666666666667,74497.901,23.8,-30.52,-155.58,0.18,7.08,-110.35,-49.44,-24.56,nan,nan,nan,nan,96.15,7.27,7.78,62.35,0.93,0.49,2.19,18.24,27.46,20.01,0.23,0.18,0.005917159763313609467455621302
ESEA,2015,5.266666666666666666666666667,72482.854,21.9,-27.13,-37.28,0.21,2.73,-23.64,-12.51,-7.27,nan,nan,nan,nan,44.13,12.52,11.23,44.87,1.11,0.59,0.41,17.43,23.35,20.94,0.32,0.21,-0.3372549019607843137254901961
ESEA,2014,6.175,69710.435,23.17,-27.39,-44.1,0.23,2.73,-22.19,-12.85,3.78,nan,nan,nan,nan,90.96,16.19,13.22,47.42,1.22,1.13,0.49,18.28,27.52,19.97,0.38,0.23,-0.6644736842105263157894736842
ESEA,2013,7.358333333333333333333333333,66766.067,21.98,-50.59,-264.15,0.18,1.5,-65.81,-48.38,-25.4,nan,nan,nan,nan,15.36,10.82,12.01,33.15,0.9,0.78,0.31,15.4,28.53,23.7,0.25,0.18,-0.4758620689655172413793103448
ESEA,2012,8.075,64621.020,46.61,-2.98,-25.15,0.18,1.33,-6.26,-4.2,-14.51,nan,nan,nan,nan,nan,16.19,8.04,24.68,2.02,1.88,0.22,9.72,28.17,37.54,0.24,0.18,0.5934065934065934065934065934
EXPD,2016,4.866666666666666666666666667,74497.901,13.95,10.99,11.26,2.27,1.51,24.36,23.95,-7.84,-7.11,-5.78,-1.67,-971.0,0.97,79.49,33.35,33.84,2.39,2.33,nan,68.91,47.71,5.3,11.49,2.27,0.2214879154078549848942598187
EXPD,2015,5.266666666666666666666666667,72482.854,13.54,10.9,11.13,2.42,1.53,25.68,25.32,0.79,21.33,21.32,25.0,nan,0.67,77.19,33.39,34.41,2.31,2.23,nan,64.77,45.15,5.64,12.45,2.42,0.1742793791574279379157427938
EXPD,2014,6.175,69710.435,11.64,9.06,9.31,2.22,1.55,19.07,18.73,7.97,7.71,8.14,14.29,-670.0,0.98,79.19,34.07,35.3,2.32,2.24,nan,64.21,44.62,5.68,11.92,2.22,0.01098408428603452140775610850
EXPD,2013,7.358333333333333333333333333,66766.067,11.57,9.08,9.42,2.04,1.45,16.95,16.6,1.66,4.01,4.55,7.01,981.0,0.88,80.11,28.88,30.81,2.78,2.7,nan,63.18,43.78,5.78,10.86,2.04,0.008135593220338983050847457627
EXPD,2012,8.075,64621.020,11.71,8.86,9.19,2.06,1.46,16.54,16.19,-2.76,-28.53,-13.57,-12.29,nan,0.79,79.81,28.57,31.25,2.8,2.72,nan,59.99,43.15,6.08,10.92,2.06,0.1188369152970922882427307206
FWRD,2016,4.866666666666666666666666667,74497.901,50.43,10.42,5.94,1.46,1.28,5.48,5.1,2.44,25.25,-50.21,-49.44,nan,4.29,21.25,12.15,22.18,1.75,1.61,nan,41.94,9.83,8.7,5.07,1.46,0.2123258758970029548332629802
FWRD,2015,5.266666666666666666666666667,72482.854,48.81,8.53,8.31,1.54,1.37,11.42,10.76,22.81,-15.18,-9.15,-9.18,nan,4.22,24.77,15.57,27.15,1.59,1.48,0.06,38.91,10.42,9.38,5.33,1.54,0.1016042780748663101604278075
FWRD,2014,6.175,69710.435,22.92,12.34,12.3,1.49,1.17,13.6,13.66,19.69,14.29,12.3,10.73,-582.0,5.06,27.68,8.02,14.44,3.45,3.15,nan,40.15,11.17,9.09,4.77,1.49,-0.1461187214611872146118721461
FWRD,2013,7.358333333333333333333333333,66766.067,22.63,12.93,12.86,1.44,1.16,13.83,13.91,11.64,0.99,3.42,-0.56,nan,5.43,43.53,6.84,13.91,6.37,5.89,nan,42.45,9.92,8.6,4.53,1.44,0.1471191072648599407879754042
FWRD,2012,8.075,64621.020,23.56,14.29,14.23,1.58,1.14,16.5,16.54,8.96,8.33,11.59,11.25,nan,3.65,49.7,6.99,11.9,7.11,6.71,nan,45.65,9.62,8.0,4.44,1.58,0.2542130819765781205369894316
GLBS,2016,4.866666666666666666666666667,74497.901,-10.43,-104.85,-108.95,0.09,4.53,-38.31,-7.59,-29.08,nan,nan,nan,nan,0.21,2.29,33.12,77.91,0.07,0.01,2.02,18.84,160.67,19.37,0.09,0.09,-0.7181372549019607843137254902
GLBS,2015,5.266666666666666666666666667,72482.854,0.08,-74.35,-254.79,0.1,3.76,-69.99,-23.65,-51.8,nan,nan,nan,nan,0.04,4.09,60.63,73.41,0.07,0.04,0.48,26.77,95.06,13.64,0.1,0.1,28.14285714285714285714285714
GLBS,2014,6.175,69710.435,47.07,11.35,12.18,0.17,2.4,4.72,3.33,-10.38,-54.01,-43.42,-44.23,nan,0.03,6.73,31.85,58.36,0.21,0.15,0.64,14.0,61.49,26.08,0.19,0.17,-0.9416666666666666666666666667
GLBS,2013,7.358333333333333333333333333,66766.067,56.09,23.53,19.29,0.18,2.58,9.83,6.01,-8.58,11069.35,nan,nan,nan,0.2,14.1,14.47,61.24,0.97,0.3,1.21,9.76,53.9,37.4,0.21,0.18,-0.3939393939393939393939393939
GLBS,2012,8.075,64621.020,53.88,1.16,-257.18,0.15,3.0,-84.84,-39.39,-9.45,-99.33,nan,nan,nan,1.22,14.94,19.15,66.7,0.78,0.39,1.43,11.98,32.75,30.46,0.17,0.15,1.343195266272189349112426036
OMAB,2016,4.866666666666666666666666667,74497.901,72.83,49.75,47.26,0.42,2.07,30.11,17.99,23.54,36.31,51.58,51.99,nan,2.17,30.26,8.26,51.13,3.7,3.46,0.71,36.33,62.39,10.05,2.31,0.42,0.2009264620729588882455124493
OMAB,2015,5.266666666666666666666666667,72482.854,69.76,45.18,38.92,0.36,2.13,20.68,13.23,20.46,39.2,20.4,21.22,nan,2.98,25.71,7.79,52.78,3.32,3.25,0.79,28.87,68.64,12.64,1.93,0.36,-0.1016905071521456436931079324
OMAB,2014,6.175,69710.435,66.21,38.92,33.76,0.32,2.05,16.47,11.61,9.12,20.34,-14.58,-14.03,nan,4.62,27.41,6.72,50.95,4.1,4.07,0.77,30.57,70.05,11.94,1.68,0.32,0.05806274078150798018712162906
OMAB,2013,7.358333333333333333333333333,66766.067,60.76,33.93,31.2,0.33,1.73,18.76,14.67,8.81,4.24,46.46,47.89,nan,2.33,20.68,8.7,41.97,2.38,2.05,0.47,19.11,65.94,19.1,1.58,0.33,0.3610486891385767790262172285
OMAB,2012,8.075,64621.020,63.64,36.62,35.25,0.33,1.56,13.12,10.74,12.6,26.21,32.95,nan,nan,1.81,16.95,12.17,35.94,1.39,0.99,0.23,28.29,96.66,12.9,1.47,0.33,0.2275862068965517241379310345
HA,2016,4.866666666666666666666666667,74497.901,30.92,20.59,15.48,0.94,3.98,41.8,20.69,5.74,18.42,28.9,46.31,nan,6.0,29.47,30.65,74.88,0.96,0.85,0.73,13.24,23.48,27.57,1.6,0.94,-0.3008771929824561403508771930
HA,2015,5.266666666666666666666666667,72482.854,28.48,18.39,12.76,0.91,5.63,44.92,16.19,0.11,73.83,164.99,170.91,nan,0.74,29.52,30.67,82.23,0.96,0.83,1.56,12.79,21.86,28.53,1.49,0.91,0.6133597509198981035946787433
HA,2014,6.175,69710.435,20.59,10.59,4.9,0.97,7.09,18.04,7.79,7.38,83.28,32.92,12.24,nan,19.1,27.08,31.5,85.89,0.86,0.74,2.43,12.22,19.34,29.87,1.7,0.97,0.3562380038387715930902111324
HA,2013,7.358333333333333333333333333,66766.067,17.12,6.2,4.01,1.07,5.45,15.58,6.95,9.86,3.36,-2.6,-2.97,nan,15.87,27.99,30.43,81.66,0.92,0.76,1.88,13.12,18.2,27.82,2.13,1.07,1.705088265835929387331256490
HA,2012,8.075,64621.020,20.21,6.59,4.37,1.17,6.95,21.66,9.09,18.9,43.3,nan,nan,nan,14.81,30.65,35.04,85.6,0.87,0.74,2.06,16.27,18.97,22.44,2.45,1.17,0.4657534246575342465753424658
HTLD,2016,4.866666666666666666666666667,74497.901,73.7,12.46,14.04,0.83,1.46,11.56,11.49,-16.76,-6.35,-22.82,-19.05,nan,14.05,27.38,8.88,31.48,3.08,2.75,nan,32.11,22.5,11.37,1.39,0.83,0.1463654223968565815324165029
HTLD,2015,5.266666666666666666666666667,72482.854,70.62,11.07,15.86,0.98,1.57,15.44,15.41,-15.49,-17.07,-13.88,-12.5,nan,29.5,18.54,8.99,36.15,2.06,1.54,nan,34.21,12.1,10.67,1.54,0.98,0.1962397179788484136310223267
HTLD,2014,6.175,69710.435,61.31,11.28,15.1,1.17,1.59,19.41,17.46,49.65,24.41,20.19,15.66,nan,23.52,19.77,8.99,37.29,2.2,1.67,0.05,33.81,18.08,10.8,1.87,1.17,-0.3698630136986301369863013699
HTLD,2013,7.358333333333333333333333333,66766.067,59.4,13.57,19.33,0.98,1.82,20.52,16.81,6.69,-0.95,14.69,16.9,nan,23.22,19.91,12.22,45.14,1.63,1.22,0.19,41.05,26.63,8.89,1.68,0.98,0.3766564729867482161060142712
HTLD,2012,8.075,64621.020,58.39,14.62,17.51,1.1,1.61,19.5,19.36,3.24,-25.12,-12.0,-8.97,nan,12.24,40.93,9.7,37.92,4.22,3.72,nan,30.35,13.4,12.02,2.22,1.1,0.5011476664116296863045141546
HUBG,2016,4.866666666666666666666666667,74497.901,12.73,3.47,3.4,2.68,2.17,11.72,9.6,1.34,5.81,5.43,11.68,nan,3.01,45.75,30.71,53.82,1.49,1.45,0.2,43.6,26.83,8.37,8.78,2.68,0.09485714285714285714285714286
HUBG,2015,5.266666666666666666666666667,72482.854,11.71,3.32,3.16,2.81,2.01,11.36,9.65,-1.28,10.3,37.61,40.71,nan,2.36,48.0,27.57,50.21,1.74,1.67,0.18,40.47,26.53,9.02,9.89,2.81,0.3277693474962063732928679818
HUBG,2014,6.175,69710.435,4.6,2.97,2.29,3.16,2.02,8.87,8.09,5.85,-9.04,-25.4,-25.13,nan,3.34,47.07,29.66,50.44,1.58,1.49,0.15,39.52,26.18,9.24,11.93,3.16,-0.1347163865546218487394957983
HUBG,2013,7.358333333333333333333333333,66766.067,5.14,3.46,3.34,3.43,1.87,13.01,12.53,8.0,3.82,1.7,2.19,nan,3.29,46.38,30.66,46.42,1.51,1.45,0.04,38.86,25.02,9.39,16.14,3.43,-0.04513540621865596790371113340
HUBG,2012,8.075,64621.020,5.29,3.6,3.56,3.54,1.84,14.46,13.88,13.54,18.95,16.8,16.56,nan,1.82,49.94,30.16,45.55,1.65,1.6,0.04,40.74,26.43,8.96,22.14,3.54,0.1869047619047619047619047619
JBHT,2016,4.866666666666666666666666667,74497.901,27.92,11.0,10.61,1.76,2.71,31.84,19.03,5.94,0.74,1.14,4.1,nan,9.74,24.7,14.97,63.07,1.65,1.43,0.7,38.97,27.99,9.37,2.38,1.76,0.1845060265787575976099721850
JBHT,2015,5.266666666666666666666666667,72482.854,29.07,11.57,11.15,1.76,2.8,34.11,21.13,0.36,13.32,13.99,15.82,nan,11.72,23.63,14.64,64.24,1.61,1.24,0.77,38.59,27.7,9.46,2.39,1.76,0.3232006543075245365321701200
JBHT,2014,6.175,69710.435,29.03,10.24,9.81,1.98,2.82,33.81,20.29,10.4,9.51,9.47,10.1,nan,13.11,25.91,22.7,64.54,1.14,0.86,0.57,36.18,26.33,10.09,2.68,1.98,-0.1292581602373887240356083086
JBHT,2013,7.358333333333333333333333333,66766.067,29.38,10.33,9.91,2.11,2.78,37.95,22.31,10.48,8.77,10.32,10.81,nan,8.84,24.13,25.26,64.09,0.95,0.81,0.45,33.81,26.48,10.8,2.79,2.11,0.08990944372574385510996119017
JBHT,2012,8.075,64621.020,30.3,10.49,9.98,2.14,3.11,45.66,23.34,11.67,19.35,20.76,22.75,nan,8.69,22.5,20.4,67.87,1.1,0.93,0.74,31.68,26.85,11.52,2.8,2.14,0.2945905208507787640261262770
JBLU,2016,4.866666666666666666666666667,74497.901,36.75,19.78,18.34,0.73,2.36,21.02,15.67,3.37,7.89,12.11,12.12,-548.0,15.24,16.52,23.43,57.7,0.7,0.51,0.3,8.48,19.45,43.06,0.95,0.73,-0.003568242640499553969669937556
JBLU,2015,5.266666666666666666666666667,72482.854,34.74,18.95,17.1,0.78,2.7,23.59,15.29,10.3,136.12,68.83,66.39,nan,14.67,15.85,26.27,62.93,0.6,0.44,0.43,7.74,18.0,47.18,1.01,0.78,-0.01015452538631346578366445916
JBLU,2014,6.175,69710.435,24.55,8.85,10.71,0.77,3.1,17.2,10.26,6.91,20.33,138.69,128.85,nan,14.73,15.31,24.7,67.74,0.62,0.43,0.78,8.31,16.13,43.9,0.99,0.77,0.4281210592686002522068095839
JBLU,2013,7.358333333333333333333333333,66766.067,23.01,7.87,5.13,0.75,3.44,8.35,5.45,9.21,13.83,31.25,30.0,nan,11.71,14.37,25.5,70.97,0.56,0.4,0.99,7.88,14.51,46.31,0.99,0.75,0.8571428571428571428571428571
JBLU,2012,8.075,64621.020,22.66,7.55,4.2,0.7,3.74,7.02,4.78,10.61,16.77,48.84,42.86,nan,16.62,15.56,22.74,73.3,0.68,0.52,1.3,7.58,14.26,48.14,0.98,0.7,0.4930069930069930069930069930
LSTR,2016,4.866666666666666666666666667,74497.901,23.74,7.0,6.93,3.02,2.02,27.23,20.8,-4.62,-7.72,-7.0,-3.56,nan,0.71,67.25,34.68,50.52,1.94,1.91,0.17,53.34,33.47,6.84,12.7,3.02,0.2203985932004689331770222743
LSTR,2015,5.266666666666666666666666667,72482.854,23.18,7.24,7.19,3.25,2.14,30.95,23.73,4.28,7.77,6.4,9.77,nan,0.14,66.4,37.03,53.29,1.79,1.74,0.18,52.5,31.74,6.95,15.51,3.25,0.4543904518329070758738277920
LSTR,2014,6.175,69710.435,22.72,7.0,6.95,3.16,2.14,29.45,23.12,19.51,27.34,-4.93,-2.85,nan,0.33,70.13,39.31,53.24,1.78,1.73,0.16,49.93,28.02,7.31,16.78,3.16,-0.1913690886529711843375155108
LSTR,2013,7.358333333333333333333333333,66766.067,23.19,6.57,6.51,2.88,2.14,35.02,26.65,-4.61,-14.28,12.5,14.08,nan,0.24,70.31,38.7,53.18,1.82,1.78,0.16,53.93,30.91,6.77,15.85,2.88,0.2624891209747606614447345518
LSTR,2012,8.075,64621.020,23.12,7.19,7.13,3.31,2.32,38.17,26.73,5.45,12.53,14.84,16.39,423.0,0.26,67.31,39.16,56.85,1.72,1.67,0.25,50.77,30.19,7.19,18.55,3.31,0.09512009149828440716736561189
MRTN,2016,4.866666666666666666666666667,74497.901,69.49,7.12,8.5,1.04,1.49,7.9,7.5,0.92,-3.81,-6.38,-3.77,nan,24.19,14.29,9.28,33.1,1.54,1.22,0.01,38.01,23.52,9.6,1.24,1.04,-0.2251908396946564885496183206
MRTN,2015,5.266666666666666666666666667,72482.854,66.52,7.73,9.13,1.1,1.54,8.97,8.32,-1.18,12.18,19.81,19.1,nan,28.22,15.84,7.9,35.17,2.0,1.64,0.09,39.21,22.92,9.31,1.34,1.1,1.467043314500941619585687382
MRTN,2014,6.175,69710.435,58.84,9.3,7.68,1.22,1.49,7.99,7.5,2.08,4.11,-1.04,-1.11,nan,24.15,19.01,7.68,33.08,2.48,2.02,0.06,38.82,21.36,9.4,1.53,1.22,-0.1905487804878048780487804878
MRTN,2013,7.358333333333333333333333333,66766.067,55.43,9.12,7.93,1.3,1.46,8.76,8.76,3.25,11.09,10.56,9.76,nan,18.33,20.42,10.09,31.7,2.02,1.67,nan,37.96,22.02,9.61,1.63,1.3,0.08340214698596201486374896780
MRTN,2012,8.075,64621.020,50.61,8.48,7.11,1.33,1.49,8.42,8.35,5.76,37.98,12.28,11.82,nan,21.2,19.47,9.61,32.52,2.03,1.64,0.01,35.91,21.06,10.16,1.67,1.33,0.6453804347826086956521739130
ODFL,2016,4.866666666666666666666666667,74497.901,83.64,16.71,15.96,1.16,1.46,16.73,15.92,0.64,-2.89,-2.93,-0.28,nan,13.97,14.19,10.71,31.34,1.33,1.19,0.06,38.47,14.8,9.48,1.4,1.16,0.5333955006411003613474763959
ODFL,2015,5.266666666666666666666666667,72482.854,81.04,17.18,16.49,1.26,1.46,19.17,17.75,6.62,12.9,13.9,15.16,nan,15.54,15.48,11.57,31.7,1.34,1.25,0.06,37.68,10.99,9.69,1.58,1.26,0.4523446758083629592009480278
ODFL,2014,6.175,69710.435,40.18,15.83,15.51,1.34,1.5,19.63,17.67,19.26,30.4,29.79,29.71,nan,13.19,19.37,11.43,33.19,1.69,1.5,0.08,36.08,8.98,10.12,1.7,1.34,-0.2391808346213292117465224111
ODFL,2013,7.358333333333333333333333333,66766.067,39.42,14.48,14.06,1.28,1.57,18.26,15.77,10.76,18.64,21.64,21.32,nan,12.65,17.23,12.01,36.23,1.43,1.24,0.13,36.47,10.53,10.01,1.6,1.28,0.4643530743115805356469256884
ODFL,2012,8.075,64621.020,39.79,13.36,12.79,1.31,1.67,18.0,14.76,12.11,16.65,21.5,21.11,nan,17.48,16.06,13.15,40.09,1.22,1.04,0.2,37.4,12.58,9.76,1.68,1.31,0.5466744457409568261376896149
PTSI,2016,4.866666666666666666666666667,74497.901,44.26,5.45,4.11,1.17,4.04,11.34,5.22,3.79,-40.12,-48.21,-43.0,nan,19.9,26.39,21.37,75.23,1.23,1.1,1.32,41.78,25.62,8.74,1.6,1.17,0.2823091247672253258845437616
PTSI,2015,5.266666666666666666666666667,72482.854,46.27,9.44,8.38,1.22,3.53,21.27,10.63,1.49,39.2,58.89,74.4,nan,30.15,25.89,24.23,71.63,1.07,0.95,0.97,41.98,48.45,8.69,1.83,1.22,-0.02682131206959043131569409206
PTSI,2014,6.175,69710.435,47.02,6.88,5.41,1.26,3.25,12.5,7.07,2.02,62.86,128.08,147.06,nan,6.96,39.72,35.45,69.2,1.12,1.02,0.52,49.5,58.4,7.37,1.92,1.26,-0.4677854938271604938271604938
PTSI,2013,7.358333333333333333333333333,66766.067,44.76,4.87,2.4,1.25,2.84,4.97,3.42,5.83,534.67,171.45,172.0,nan,17.76,28.13,28.31,64.79,0.99,0.91,0.61,50.77,38.16,7.19,1.73,1.25,1.501930501930501930501930502
PTSI,2012,8.075,64621.020,44.99,2.71,0.94,1.28,2.6,1.68,1.75,5.95,nan,nan,nan,nan,25.76,26.69,22.83,61.53,1.17,0.99,0.64,48.71,40.04,7.49,1.8,1.28,1.025415444770283479960899316
PANL,2016,4.866666666666666666666666667,74497.901,18.87,9.23,4.65,0.82,3.39,10.95,6.4,-27.86,423.58,nan,nan,nan,15.61,18.89,23.28,65.08,0.96,0.79,1.2,29.84,37.27,12.23,1.06,0.82,0.4959349593495934959349593496
PANL,2015,5.266666666666666666666666667,72482.854,7.42,1.27,-3.43,1.85,3.4,-58.45,-10.95,1.48,-76.31,nan,nan,nan,11.17,25.53,43.85,70.35,0.59,0.4,0.89,25.08,16.61,14.56,1.62,1.85,-0.05747126436781609195402298851
PHII,2016,4.866666666666666666666666667,74497.901,6.55,-0.45,-4.28,0.44,2.42,-4.35,0.28,-21.15,nan,nan,nan,nan,12.91,36.02,3.94,58.59,9.14,7.56,1.05,76.84,18.5,4.75,0.71,0.44,-0.2951807228915662650602409639
PHII,2015,5.266666666666666666666666667,72482.854,14.57,8.8,5.38,0.57,2.28,4.4,3.87,-3.83,-42.52,-17.63,-17.31,nan,7.1,36.45,5.32,56.16,6.85,5.68,0.89,71.97,15.69,5.07,0.91,0.57,-0.06531531531531531531531531532
PHII,2014,6.175,69710.435,19.88,14.72,6.35,0.66,2.3,5.65,4.89,-2.36,17.69,-44.56,-44.83,nan,18.86,33.9,5.85,56.61,5.79,4.64,0.91,76.68,17.58,4.76,1.01,0.66,-0.5066666666666666666666666667
PHII,2013,7.358333333333333333333333333,66766.067,16.74,12.21,10.52,0.73,2.1,11.13,8.59,32.44,63.14,226.5,222.22,nan,11.99,30.23,7.79,52.28,3.88,2.87,0.68,66.84,16.17,5.46,1.12,0.73,-0.09388371507676818525044047319
PHII,2012,8.075,64621.020,15.95,9.91,5.27,0.61,2.3,3.7,4.36,19.84,80.51,272.16,277.42,nan,19.87,31.64,12.5,56.48,2.53,1.37,0.77,67.86,14.78,5.37,0.92,0.61,0.2396255850234009360374414977
PHIIK,2016,4.866666666666666666666666667,74497.901,6.55,-0.45,-4.28,0.44,2.42,-4.35,0.28,-21.15,nan,nan,nan,nan,12.91,36.02,3.94,58.59,9.14,7.56,1.05,76.84,18.5,4.75,0.71,0.44,-0.3579356270810210876803551609
PHIIK,2015,5.266666666666666666666666667,72482.854,14.57,8.8,5.38,0.57,2.28,4.4,3.87,-3.83,-42.52,-17.63,-17.31,nan,7.1,36.45,5.32,56.16,6.85,5.68,0.89,71.97,15.69,5.07,0.91,0.57,0.09811090798293723339427178550
PHIIK,2014,6.175,69710.435,19.88,14.72,6.35,0.66,2.3,5.65,4.89,-2.36,17.69,-44.56,-44.83,nan,18.86,33.9,5.85,56.61,5.79,4.64,0.91,76.68,17.58,4.76,1.01,0.66,-0.5612299465240641711229946524
PHIIK,2013,7.358333333333333333333333333,66766.067,16.74,12.21,10.52,0.73,2.1,11.13,8.59,32.44,63.14,226.5,222.22,nan,11.99,30.23,7.79,52.28,3.88,2.87,0.68,66.84,16.17,5.46,1.12,0.73,-0.1382488479262672811059907834
PHIIK,2012,8.075,64621.020,15.95,9.91,5.27,0.61,2.3,3.7,4.36,19.84,80.51,272.16,277.42,nan,19.87,31.64,12.5,56.48,2.53,1.37,0.77,67.86,14.78,5.37,0.92,0.61,0.2959092266348163630934607345
PXS,2016,4.866666666666666666666666667,74497.901,100.0,-496.98,-493.96,0.3,0.47,-69.94,-70.4,139.77,nan,nan,nan,nan,nan,100.0,17.15,17.15,2.26,1.82,nan,35.17,nan,10.38,nan,0.3,0.2384615384615384615384615385
PXS,2015,5.266666666666666666666666667,72482.854,nan,nan,nan,0.08,0.58,-58.86,-59.54,863.55,nan,nan,nan,nan,nan,100.0,15.51,15.51,3.16,2.67,nan,159.69,nan,2.29,nan,0.08,1.063492063492063492063492063
RYAAY,2016,4.866666666666666666666666667,74497.901,30.57,22.34,26.35,0.56,3.12,40.86,19.98,15.6,40.0,79.89,80.5,nan,18.63,42.98,30.04,67.94,1.43,1.3,0.99,3.52,17.18,103.58,1.11,0.56,0.2513812154696132596685082873
RYAAY,2015,5.266666666666666666666666667,72482.854,26.9,18.45,17.38,0.54,3.02,23.68,12.35,12.26,58.35,65.78,69.45,nan,13.95,47.12,27.46,66.89,1.72,1.45,1.0,3.82,15.3,95.67,1.07,0.54,-0.03701133472125838538052278510
RYAAY,2014,6.175,69710.435,21.22,13.08,11.74,0.57,2.68,15.94,8.85,3.13,-8.3,-8.17,-6.28,nan,10.04,39.09,25.81,62.71,1.51,1.45,0.8,4.14,13.26,88.21,1.01,0.57,0.1827633378932968536251709986
RYAAY,2013,7.358333333333333333333333333,66766.067,23.24,14.71,13.33,0.54,2.73,17.31,9.13,11.25,5.12,1.59,3.66,144.0,6.36,42.08,21.38,63.41,1.97,1.88,0.95,4.02,15.55,90.78,0.99,0.54,0.5188032412216912528568460420
RYAAY,2012,8.075,64621.020,24.1,15.56,14.42,0.49,2.72,17.9,8.95,20.96,39.94,49.6,50.91,nan,7.23,43.06,20.16,63.26,2.14,1.94,1.03,4.24,21.62,86.0,0.89,0.49,0.3688850967007963594994311718
SINO,2016,4.866666666666666666666666667,74497.901,48.87,-17.09,-20.37,0.7,0.79,-15.1,-15.1,-35.42,nan,nan,nan,nan,0.43,95.56,17.58,17.58,3.55,2.31,nan,135.19,57.66,2.7,37.45,0.7,-0.2643678160919540229885057471
SINO,2015,5.266666666666666666666666667,72482.854,47.56,8.98,9.46,1.29,0.81,6.03,6.03,-2.78,238.79,-54.78,-67.65,nan,5.3,68.63,11.59,11.59,4.23,3.55,nan,57.46,33.52,6.35,44.51,1.29,2.866666666666666666666666667
SINO,2014,6.175,69710.435,34.62,2.58,4.42,1.76,0.62,19.98,19.98,-32.81,nan,nan,nan,nan,1.75,91.68,11.83,11.83,4.26,3.85,nan,56.8,86.73,6.43,41.41,1.76,-0.4303797468354430379746835443
SINO,2013,7.358333333333333333333333333,66766.067,11.13,-12.71,-12.5,1.91,1.12,-30.02,-30.02,-48.85,nan,nan,nan,nan,0.39,94.81,39.65,39.65,1.62,1.56,nan,72.98,126.61,5.0,50.73,1.91,-0.368
SINO,2012,8.075,64621.020,7.96,-8.63,-8.66,3.45,2.0,-29.18,-29.18,2.87,nan,nan,nan,nan,0.13,92.53,60.31,60.31,1.22,1.07,nan,30.36,60.75,12.02,67.58,3.45,0.3966480446927374301675977654
SKYW,2016,4.866666666666666666666666667,74497.901,21.49,9.39,-7.97,0.63,3.8,-11.31,-3.05,0.83,-40.72,nan,nan,nan,36.95,20.38,14.55,73.7,1.4,0.82,1.66,6.38,92.61,57.23,0.85,0.63,0.4567901234567901234567901235
SKYW,2015,5.266666666666666666666666667,72482.854,20.39,7.58,6.28,0.67,3.19,8.11,4.93,-4.38,36.01,nan,nan,nan,23.3,21.19,15.64,68.63,1.35,0.74,1.11,8.56,92.99,42.62,0.95,0.67,0.9164037854889589905362776025
SKYW,2014,6.175,69710.435,59.68,3.08,-0.5,0.75,3.15,-1.7,0.53,-1.83,-7.39,nan,nan,nan,20.86,29.27,15.52,68.25,1.89,0.93,1.1,10.95,72.09,33.33,1.14,0.75,0.4322289156626506024096385542
SKYW,2013,7.358333333333333333333333333,66766.067,59.54,11.9,2.99,0.78,2.95,4.18,3.41,-6.7,-0.88,15.25,13.13,nan,4.61,34.59,14.66,66.1,2.36,1.24,0.9,13.35,64.03,27.33,1.23,0.78,-0.1045178691840863115306810519
SKYW,2012,8.075,64621.020,56.29,11.2,2.43,0.83,3.07,3.76,3.12,-3.3,744.44,nan,nan,nan,2.07,33.71,13.9,67.4,2.42,1.39,1.06,13.46,66.81,27.12,1.26,0.83,0.1902086677367576243980738363
SAVE,2016,4.866666666666666666666666667,74497.901,32.4,20.89,18.06,0.82,2.26,20.22,13.17,8.43,-5.15,-16.5,-14.16,nan,23.77,30.96,16.88,55.75,1.83,1.58,0.64,5.45,3.75,66.91,2.01,0.82,-0.2248530936743864500518492914
SAVE,2015,5.266666666666666666666666667,72482.854,33.57,23.88,23.46,1.04,2.07,28.47,21.28,10.87,42.72,40.7,42.21,nan,26.1,40.56,18.42,51.58,2.2,1.78,0.48,4.34,3.9,84.06,4.0,1.04,0.4519447929736511919698870765
SAVE,2014,6.175,69710.435,26.33,18.55,18.27,1.39,1.6,25.44,21.82,16.76,26.62,27.44,27.27,nan,9.66,45.61,22.81,37.42,2.0,1.79,0.14,4.34,4.68,84.11,14.8,1.39,-0.4727441121989944429743318338
SAVE,2013,7.358333333333333333333333333,66766.067,25.85,17.11,17.07,1.58,1.54,26.18,26.14,25.49,69.97,63.12,62.42,nan,1.2,54.97,28.46,34.86,1.93,1.65,nan,5.07,7.03,71.95,51.69,1.58,0.6643911032812155912794538648
SAVE,2012,8.075,64621.020,22.33,12.63,13.24,1.58,1.58,20.67,20.56,23.08,-29.88,41.87,4.2,nan,1.8,59.5,30.1,36.67,1.98,1.59,nan,5.28,7.15,69.09,51.09,1.58,1.561195713479977439368302312
SBLK,2016,4.866666666666666666666666667,74497.901,21.56,-29.83,-69.38,0.11,1.94,-14.2,-5.76,-5.2,nan,nan,nan,nan,178.36,11.36,1.4,48.44,8.13,6.99,0.91,19.28,15.33,18.93,0.12,0.11,1.203522504892367906066536204
SBLK,2015,5.266666666666666666666666667,72482.854,13.93,-34.78,-195.65,0.11,1.91,-40.02,-21.28,58.96,nan,nan,nan,nan,202.28,11.64,7.71,47.56,1.51,1.32,0.76,27.77,25.27,13.14,0.12,0.11,0.6754098360655737704918032787
SBLK,2014,6.175,69710.435,31.61,-16.05,-8.03,0.12,1.79,-1.65,-0.4,110.87,nan,nan,nan,nan,351.76,6.52,6.8,44.02,0.96,0.79,0.62,34.63,45.49,10.54,0.13,0.12,-0.9070121951219512195121951220
SBLK,2013,7.358333333333333333333333333,66766.067,45.41,8.25,2.65,0.17,1.75,0.97,2.12,-18.88,nan,nan,nan,nan,182.87,11.63,6.35,43.15,1.83,1.62,0.65,23.95,71.28,15.24,0.2,0.17,-0.5078769692423105776444111028
SBLK,2012,8.075,64621.020,38.38,-10.79,-365.03,0.16,3.04,-114.17,-58.96,-19.52,nan,nan,nan,nan,0.11,10.7,11.97,67.09,0.89,0.45,1.67,22.73,57.63,16.06,0.19,0.16,1.156957928802588996763754045
GASS,2016,4.866666666666666666666666667,74497.901,43.19,8.81,-5.41,0.14,1.75,-1.35,0.61,1.99,-40.16,nan,nan,nan,39.0,7.63,8.12,42.71,0.94,0.85,0.6,10.97,38.02,33.28,0.16,0.14,0.2899408284023668639053254438
GASS,2015,5.266666666666666666666666667,72482.854,47.54,15.02,1.82,0.14,1.78,0.43,1.33,7.08,-27.32,-79.77,-81.25,nan,109.73,11.89,9.99,43.82,1.19,1.01,0.6,10.36,42.28,35.22,0.17,0.14,-0.01457725947521865889212827988
GASS,2014,6.175,69710.435,54.3,22.13,9.61,0.15,1.6,2.38,2.47,8.64,0.31,-40.21,-57.33,nan,98.42,14.77,7.17,37.37,2.06,1.95,0.48,11.26,50.89,32.4,0.17,0.15,-0.4564183835182250396196513471
GASS,2013,7.358333333333333333333333333,66766.067,55.56,23.96,17.47,0.16,1.8,5.21,3.84,1.9,-23.23,-26.73,-46.81,nan,102.41,11.5,7.41,44.46,1.55,1.45,0.66,11.91,46.99,30.65,0.17,0.16,-0.3807654563297350343473994112
GASS,2012,8.075,64621.020,61.95,31.81,24.29,0.17,2.08,8.84,5.64,0.79,91.25,238.7,243.9,nan,52.54,7.89,7.83,52.03,1.01,0.81,0.91,7.05,49.81,51.74,0.18,0.17,0.2849936948297604035308953342
STB,2016,4.866666666666666666666666667,74497.901,nan,nan,100.0,0.09,6.4,72.91,nan,28.34,nan,379.09,383.66,nan,5.7,nan,nan,84.37,nan,nan,nan,nan,nan,nan,11.88,0.09,0.09838998211091234347048300537
STB,2015,5.266666666666666666666666667,72482.854,nan,nan,100.0,0.09,8.83,21.57,nan,-5.92,nan,40.0,29.11,nan,3.69,nan,nan,88.68,nan,nan,nan,nan,nan,nan,11.1,0.09,0.5067385444743935309973045822
STB,2014,6.175,69710.435,nan,nan,100.0,0.15,6.26,21.98,nan,23.92,nan,66.67,56.32,nan,6.91,nan,nan,84.03,nan,nan,nan,nan,nan,nan,14.95,0.15,-0.4044943820224719101123595506
STB,2013,7.358333333333333333333333333,66766.067,nan,nan,100.0,0.16,8.54,20.93,nan,67.92,nan,-20.83,-29.57,nan,1.39,nan,nan,88.29,nan,nan,nan,nan,nan,nan,15.17,0.16,0.006462035541195476575121163166
ULH,2016,4.866666666666666666666666667,74497.901,42.88,4.34,3.67,1.98,3.86,17.39,7.52,-4.96,-36.54,-39.39,-37.96,nan,9.07,36.37,25.33,74.1,1.44,1.24,1.54,48.65,40.2,7.5,5.07,1.98,0.4525993883792048929663608563
ULH,2015,5.266666666666666666666666667,72482.854,39.66,6.5,5.76,2.17,3.9,29.82,12.28,-5.27,-9.2,-11.83,-9.27,nan,2.33,41.0,30.16,74.35,1.36,1.2,1.33,47.27,33.38,7.72,6.35,2.17,0.1645299145299145299145299145
ULH,2014,6.175,69710.435,48.36,6.78,6.13,2.34,3.86,37.38,13.95,15.29,-4.33,-10.29,-10.12,nan,5.02,40.88,21.56,74.07,1.9,1.65,1.66,43.36,30.83,8.42,7.43,2.34,-0.5075412136092599088039284462
ULH,2013,7.358333333333333333333333333,66766.067,45.81,8.18,7.83,2.53,4.64,62.08,19.03,-0.34,22.18,6.05,5.66,-69.0,1.65,41.5,20.6,78.46,2.01,1.72,2.23,44.31,32.05,8.24,7.64,2.53,-0.06555227794165847263192395936
ULH,2012,8.075,64621.020,42.87,6.67,6.55,3.73,5.71,43.45,19.74,48.19,183.53,201.57,57.43,nan,2.85,51.67,31.68,82.47,1.63,1.46,2.54,34.1,21.5,10.7,9.52,3.73,0.6717808219178082191780821918
USAK,2016,4.866666666666666666666666667,74497.901,51.64,3.22,-2.61,1.47,5.05,-10.11,-3.83,-15.52,-60.96,nan,nan,nan,13.92,24.92,19.55,80.18,1.27,1.08,2.25,46.13,32.65,7.91,2.01,1.47,1.081515499425947187141216992
USAK,2015,5.266666666666666666666666667,72482.854,54.01,6.96,3.81,1.67,3.05,11.12,5.3,-15.69,6.83,83.47,82.76,nan,13.03,27.32,19.62,67.26,1.39,1.15,0.95,45.1,37.54,8.09,2.42,1.67,-0.5008595988538681948424068768
USAK,2014,6.175,69710.435,42.47,5.56,1.93,1.89,3.06,5.86,2.67,8.55,514.31,nan,nan,nan,9.02,33.39,20.54,67.27,1.63,1.17,0.89,41.47,25.28,8.8,2.75,1.89,-0.3855633802816901408450704225
USAK,2013,7.358333333333333333333333333,66766.067,48.8,0.71,-2.62,1.72,3.13,-8.68,-2.75,8.31,nan,nan,nan,nan,2.33,28.08,18.81,68.08,1.49,1.15,1.08,42.48,21.97,8.59,2.37,1.72,1.122571001494768310911808670
USAK,2012,8.075,64621.020,47.56,-1.51,-5.32,1.53,3.03,-14.95,-6.09,-1.34,nan,nan,nan,nan,4.3,25.8,17.89,66.99,1.44,1.15,1.12,42.68,27.87,8.55,2.04,1.53,2.878260869565217391304347826
WERN,2016,4.866666666666666666666666667,74497.901,47.81,6.28,6.34,1.18,1.8,8.2,7.09,-4.04,-30.27,-36.04,-36.26,nan,26.77,20.81,11.98,44.52,1.74,1.47,0.16,46.55,26.64,7.84,1.6,1.18,0.3927927927927927927927927928
WERN,2015,5.266666666666666666666666667,72482.854,48.96,9.58,9.61,1.35,1.72,13.98,12.83,-2.14,20.92,25.41,25.74,nan,21.69,25.26,11.38,42.02,2.22,1.74,0.08,45.13,25.23,8.08,1.93,1.35,0.1864044463445917058572039333
WERN,2014,6.175,69710.435,47.04,7.71,7.56,1.51,1.78,12.28,11.34,5.43,25.42,13.67,15.25,nan,13.87,28.8,12.6,43.68,2.29,1.79,0.09,42.52,21.18,8.59,2.15,1.51,-0.2491171749598715890850722311
WERN,2013,7.358333333333333333333333333,66766.067,45.39,6.48,6.98,1.51,1.75,11.67,10.73,-0.35,-23.28,-15.77,-15.71,nan,10.41,25.82,12.39,42.95,2.08,1.59,0.05,39.82,20.27,9.17,2.06,1.51,0.2596037201779215527699150829
WERN,2012,8.075,64621.020,46.07,7.92,8.5,1.54,1.87,14.31,12.6,1.67,-1.28,0.27,nan,nan,13.99,23.91,13.2,46.45,1.81,1.33,0.1,38.52,24.91,9.47,2.1,1.54,0.1412090447623442547300415321
YRCW,2016,4.866666666666666666666666667,74497.901,71.2,2.34,0.52,2.56,nan,nan,nan,-2.79,15.6,2971.43,nan,nan,2.14,44.11,31.75,123.51,1.39,1.04,nan,34.04,43.4,10.72,5.8,2.56,0.08283132530120481927710843373
YRCW,2015,5.266666666666666666666666667,72482.854,70.21,1.96,-0.09,2.49,nan,nan,nan,-4.66,182.44,nan,nan,nan,2.23,38.76,30.27,120.03,1.28,1.05,nan,33.91,42.26,10.76,5.0,2.49,-0.06346967559943582510578279267
YRCW,2014,6.175,69710.435,66.43,0.66,-1.65,2.5,nan,nan,nan,4.18,28.24,nan,nan,nan,1.37,37.87,30.4,123.89,1.25,1.06,nan,33.53,37.42,10.88,4.86,2.5,-0.3694975544686527345486883059
YRCW,2013,7.358333333333333333333333333,66766.067,66.51,0.54,-2.66,2.26,nan,nan,nan,0.31,81.94,nan,nan,nan,1.38,38.64,28.31,128.93,1.36,1.09,nan,34.55,37.94,10.57,4.27,2.26,0.2947610823258491652274035694
YRCW,2012,8.075,64621.020,66.65,0.3,-3.12,2.06,nan,nan,nan,-0.38,nan,nan,nan,nan,1.37,34.78,26.74,128.27,1.3,1.12,nan,35.25,35.41,10.35,3.84,2.06,1.573333333333333333333333333
ALK,2016,4.866666666666666666666666667,74497.901,51.36,-28.57,-28.61,0.55,1.23,-16.29,-16.01,7.52,nan,nan,nan,nan,37.25,26.77,9.54,18.65,2.81,2.26,nan,4.08,63.67,89.43,0.74,0.55,-0.1715316127578045756790262594
ALK,2015,5.266666666666666666666666667,72482.854,40.05,5.16,6.11,0.53,1.16,2.6,2.58,7.06,nan,nan,nan,nan,39.01,17.43,4.72,13.99,3.69,2.42,nan,3.86,41.79,94.61,0.66,0.53,0.1020991181219724257856166936
ALK,2014,6.175,69710.435,26.62,-8.46,-7.98,0.52,1.12,-2.37,-2.43,337.87,nan,nan,nan,nan,35.9,14.84,5.89,10.74,2.52,1.45,nan,9.45,32.4,38.62,0.66,0.52,0.3472222222222222222222222222
ALK,2013,7.358333333333333333333333333,66766.067,32.25,-61.93,-5.49,0.12,1.15,-3.54,-4.01,6517.4,nan,nan,nan,nan,426.81,20.31,7.33,13.32,2.77,1.65,nan,60.25,163.04,6.05,0.15,0.12,0.6287816843826655764513491415
ALK,2012,8.075,64621.020,nan,nan,nan,nan,1.1,44.5,42.74,nan,nan,nan,nan,nan,nan,65.4,0.28,9.38,230.19,230.19,nan,8780.74,nan,0.04,nan,nan,0.7025522041763341067285382831
ASC,2016,4.866666666666666666666666667,74497.901,49.98,2.91,2.96,2.56,3.24,11.15,10.89,25.56,-10.92,-33.81,-34.01,nan,5.48,68.62,65.94,69.17,1.04,0.42,nan,1.71,28.89,213.3,20.41,2.56,0.08108108108108108108108108108
ASC,2015,5.266666666666666666666666667,72482.854,50.14,4.58,4.61,2.68,2.01,17.12,17.02,17.97,1.32,-0.23,-0.22,nan,4.41,70.54,49.65,50.34,1.42,0.54,nan,2.6,27.15,140.33,19.22,2.68,-0.4182389937106918238993710692
ASC,2014,6.175,69710.435,49.72,4.78,4.81,2.82,1.96,20.92,20.81,26.78,-14.34,-9.72,-9.55,nan,6.39,68.6,48.78,49.14,1.4,0.46,nan,2.3,32.5,158.54,22.84,2.82,0.06265664160401002506265664160
ASC,2013,7.358333333333333333333333333,66766.067,51.8,7.08,7.11,2.46,1.95,25.61,25.51,36.46,20.43,53.5,53.83,nan,4.07,74.78,48.74,48.74,1.53,0.57,nan,2.21,59.01,165.35,25.62,2.46,-0.2307197943444730077120822622
AVH,2016,4.866666666666666666666666667,74497.901,59.92,nan,nan,0.14,1.26,-140.53,-142.35,-63.57,nan,nan,nan,nan,4.82,98.9,20.35,20.35,4.86,3.95,nan,642.38,1176.94,0.57,8.79,0.14,-0.1670124481327800829875518672
AVH,2015,5.266666666666666666666666667,72482.854,72.54,-290.53,-282.21,0.43,1.29,-145.89,-146.75,2.5,nan,nan,nan,nan,1.41,97.55,22.53,22.53,4.33,3.65,nan,268.91,359.67,1.36,20.13,0.43,1.257611241217798594847775176
AVH,2014,6.175,69710.435,75.0,-269.39,-248.18,0.27,1.32,-64.42,-65.97,-4.68,nan,nan,nan,nan,2.82,98.09,24.43,24.43,4.02,3.47,nan,255.9,384.28,1.43,20.11,0.27,-0.6359761295822676896845694800
AVH,2013,7.358333333333333333333333333,66766.067,75.97,-335.99,-292.04,0.24,1.23,-85.15,-89.42,-16.03,nan,nan,nan,nan,2.97,99.02,19.01,19.01,5.21,4.82,nan,173.57,533.63,2.1,26.3,0.24,-0.2402849740932642487046632124
BCO,2016,4.866666666666666666666666667,74497.901,14.63,5.92,5.89,1.03,110.16,136.8,38.52,-1.61,-22.63,-5.43,2.28,14.07,2.76,69.43,55.74,99.09,1.25,0.38,11.71,30.5,49.71,11.97,7.6,1.03,0.9078787878787878787878787879
BCO,2015,5.266666666666666666666666667,72482.854,14.66,7.53,7.44,0.99,14.9,68.96,31.83,5.9,-0.43,-4.96,0.81,4.39,2.55,72.28,53.43,93.29,1.35,0.42,1.38,28.58,47.76,12.77,8.33,0.99,0.4293139293139293139293139293
BCO,2014,6.175,69710.435,15.51,8.0,7.86,0.95,11.45,46.22,27.21,4.78,13.46,18.78,23.83,11.46,2.46,68.33,57.25,91.25,1.2,0.37,0.94,25.73,47.99,14.18,8.55,0.95,0.1823023351085620647275706678
BCO,2013,7.358333333333333333333333333,66766.067,15.5,7.39,7.19,0.95,6.23,44.14,24.11,6.03,4.5,17.56,16.63,2.47,2.58,70.23,55.64,83.93,1.26,0.43,0.54,22.41,47.11,16.29,8.71,0.95,-0.2850029291154071470415934388
BCO,2012,8.075,64621.020,16.09,7.5,7.23,0.97,15.15,82.97,26.47,18.86,5.27,-2.94,-4.31,151.0,2.09,64.47,50.66,93.39,1.27,0.43,1.53,23.86,47.38,15.3,8.61,0.97,0.1966351209253417455310199790
BRS,2016,4.866666666666666666666666667,74497.901,23.68,2.61,-4.62,0.53,2.18,-4.75,-2.89,-7.7,-76.56,nan,nan,nan,21.71,18.13,12.1,53.81,1.51,0.9,0.72,52.56,25.25,6.94,0.77,0.53,-0.34228515625
BRS,2015,5.266666666666666666666666667,72482.854,30.08,10.26,6.0,0.56,2.0,5.02,3.33,11.33,1.6,-54.86,-53.44,nan,32.38,19.74,13.49,50.01,1.47,0.83,0.52,53.34,24.44,6.84,0.84,0.56,-0.2092664092664092664092664093
BRS,2014,6.175,69710.435,28.96,11.24,14.67,0.53,1.94,11.15,8.83,10.68,-1.75,43.53,42.58,nan,37.65,21.23,13.51,48.43,1.58,1.1,0.47,59.81,24.56,6.1,0.8,0.53,-0.6063231494148046815625474996
BRS,2013,7.358333333333333333333333333,66766.067,29.88,12.66,11.05,0.53,1.84,8.36,7.0,12.42,17.42,104.79,106.36,nan,37.88,22.9,8.16,45.56,2.82,1.99,0.48,65.42,21.72,5.58,0.82,0.53,-0.1235011990407673860911270983
BRS,2012,8.075,64621.020,29.37,12.12,5.92,0.5,1.81,4.2,4.2,8.84,2.03,-51.99,-51.94,nan,24.33,26.88,7.29,44.61,3.7,2.75,0.49,72.54,21.77,5.03,0.77,0.5,0.3988073052553112187849422288
CNI,2016,4.866666666666666666666666667,74497.901,nan,-3.64,44.34,0.08,4.88,10.85,3.15,18.86,nan,43.63,39.81,nan,0.13,29.24,14.53,79.16,2.05,1.6,0.08,478.75,nan,0.76,47.18,0.08,0.2240356083086053412462908012
CNI,2015,5.266666666666666666666666667,72482.854,nan,-14.34,41.23,0.07,5.06,8.03,1.53,-7.55,nan,-5.64,-6.9,nan,1.36,19.62,1.17,79.89,17.05,13.14,0.19,253.76,nan,1.44,36.62,0.07,0.2061560486757337151037938440
CNI,2014,6.175,69710.435,nan,-8.26,40.54,0.06,6.38,9.08,2.16,33.63,nan,23.71,23.4,nan,1.83,2.84,1.45,84.33,1.96,1.67,1.21,859.34,nan,0.42,48.75,0.06,-0.1890872152082426353214337542
CNI,2013,7.358333333333333333333333333,66766.067,nan,-86.85,33.99,0.04,7.52,7.9,-3.52,nan,nan,273.06,276.0,nan,0.67,30.74,24.49,86.69,1.26,1.2,nan,2346.86,nan,0.16,43.04,0.04,0.2085233251490705015783935461
CP,2016,4.866666666666666666666666667,74497.901,102.78,102.78,34.53,0.32,4.16,33.94,14.4,-7.15,32.94,18.27,26.55,-320.0,18.97,5.25,7.01,75.93,0.75,0.56,1.87,36.2,137.07,10.08,0.38,0.32,0.2801008615255305736499264551
CP,2015,5.266666666666666666666666667,72482.854,102.59,102.59,29.19,0.37,4.09,25.99,12.91,1.39,12.01,-8.4,-0.71,nan,22.68,7.83,7.37,75.58,1.06,0.9,1.86,36.63,64.04,9.97,0.44,0.37,0.1188871473354231974921630094
CP,2014,6.175,69710.435,78.91,50.21,30.79,0.39,2.97,23.23,14.38,7.94,26.09,68.69,70.56,-560.0,21.89,7.67,8.48,66.29,0.91,0.66,1.01,35.34,58.64,10.33,0.48,0.39,-0.3377964606362551248118739945
CP,2013,7.358333333333333333333333333,66766.067,61.93,30.25,18.34,0.39,2.4,14.35,10.03,7.69,52.42,80.79,77.78,nan,20.15,11.89,8.08,58.4,1.47,0.77,0.66,33.51,53.83,10.89,0.47,0.39,0.2733941316415543219666931007
CP,2012,8.075,64621.020,57.59,21.32,11.17,0.4,2.89,9.93,7.23,10.01,25.85,-15.09,-16.47,nan,20.16,9.02,8.35,65.39,1.08,0.46,0.91,34.1,29.76,10.7,0.44,0.4,0.4890769533556386538083054517
CEA,2016,4.866666666666666666666666667,74497.901,12.07,4.78,4.57,2.34,3.27,24.67,15.59,-5.9,45.59,47.01,44.44,nan,2.2,78.18,51.04,69.44,1.53,0.34,0.4,17.86,61.79,20.44,11.35,2.34,0.6170022371364653243847874720
CEA,2015,5.266666666666666666666666667,72482.854,11.99,3.46,2.85,2.81,3.81,19.46,14.07,15.08,24.07,26.14,28.57,0.4,3.46,78.25,54.42,73.78,1.43,0.59,0.51,19.72,60.71,18.51,13.64,2.81,-0.2057569296375266524520255864
CEA,2014,6.175,69710.435,12.39,2.87,2.45,3.05,3.38,18.02,12.37,9.11,16.28,-15.72,-17.65,509.78,1.9,78.06,50.71,70.38,1.54,0.57,0.38,18.17,49.22,20.09,13.77,3.05,0.1608910891089108910891089109
CEA,2013,7.358333333333333333333333333,66766.067,11.61,2.69,2.2,3.02,3.38,26.48,15.53,21.09,1026.84,nan,nan,94.84,2.07,73.85,47.53,70.38,1.55,0.43,0.45,16.16,48.55,22.59,12.29,3.02,0.2598752598752598752598752599
CEA,2012,8.075,64621.020,9.33,0.29,-0.4,2.51,4.51,-3.66,1.37,-4.14,-79.96,nan,nan,-78.82,2.46,72.21,54.68,77.83,1.32,0.46,0.58,19.97,56.54,18.27,9.88,2.51,-0.04278606965174129353233830846
ZNH,2016,4.866666666666666666666666667,74497.901,27.82,8.91,6.66,0.6,4.61,12.23,4.68,2.98,-11.95,35.01,34.21,nan,16.5,6.87,35.96,77.0,0.2,0.15,1.66,8.84,9.68,41.29,0.68,0.6,1.015558148580318942045896538
ZNH,2015,5.266666666666666666666666667,72482.854,29.49,10.43,5.48,0.59,4.76,9.99,3.63,2.83,105.25,110.24,111.11,nan,10.87,7.59,37.36,77.74,0.22,0.17,1.67,8.6,9.64,42.43,0.71,0.59,-0.3260812581913499344692005242
ZNH,2014,6.175,69710.435,23.0,3.66,2.82,0.61,5.31,5.07,2.32,10.19,173.96,-35.38,-10.0,nan,7.97,14.52,29.89,80.24,0.51,0.45,2.41,8.16,6.69,44.72,0.75,0.61,0.5962343096234309623430962343
ZNH,2013,7.358333333333333333333333333,66766.067,21.96,2.1,3.54,0.64,4.81,8.19,3.26,-0.55,-59.28,5.0,-25.93,nan,12.49,12.45,31.33,78.15,0.41,0.36,2.0,7.46,7.67,48.96,0.77,0.64,0.2107396149949341438703140831
ZNH,2012,8.075,64621.020,22.89,6.23,4.76,0.72,4.34,8.06,3.48,9.97,6.07,-48.75,-48.08,nan,15.81,11.78,35.95,75.78,0.34,0.29,1.51,7.37,11.59,49.55,0.89,0.72,-0.2363636363636363636363636364
VLRS,2016,4.866666666666666666666666667,74497.901,32.17,9.54,21.17,1.27,2.02,39.95,32.52,29.33,-4.16,42.84,42.83,nan,9.61,53.03,36.21,50.44,1.46,1.09,0.09,5.35,18.8,68.11,9.27,1.27,-0.4667553191489361702127659574
VLRS,2015,5.266666666666666666666666667,72482.854,35.55,12.75,19.26,1.44,2.24,43.63,34.4,29.52,1184.16,307.13,307.19,nan,8.01,47.45,46.54,55.28,1.02,0.79,0.03,4.79,20.04,76.21,7.62,1.44,-0.1235431235431235431235431235
VLRS,2014,6.175,69710.435,24.28,1.3,4.59,1.54,2.22,14.35,11.39,7.95,-72.57,125.25,92.9,nan,11.42,37.24,48.14,54.87,0.77,0.58,0.1,6.3,17.84,57.91,7.88,1.54,0.9024390243902439024390243902
VLRS,2013,7.358333333333333333333333333,66766.067,24.87,1.86,2.18,1.84,2.11,10.72,8.32,11.26,69.18,-33.93,nan,nan,8.93,47.74,46.21,52.7,1.03,0.79,0.07,7.13,19.69,51.19,10.25,1.84,-0.3343173431734317343173431734
CPA,2016,4.866666666666666666666666667,74497.901,60.04,25.28,24.6,1.26,nan,nan,nan,-5.23,-2.39,76.37,78.95,12.84,3.9,35.78,27.86,102.05,1.31,0.82,nan,35.67,67.15,10.23,3.98,1.26,0.4449234748868290579866350507
CPA,2015,5.266666666666666666666666667,72482.854,58.62,24.34,17.23,1.26,nan,327.19,20.64,-7.19,-3.91,-36.51,-35.59,-11.14,4.31,36.66,30.2,102.55,1.24,0.68,nan,35.19,64.39,10.37,4.07,1.26,0.9225031081641110650642353916
CPA,2014,6.175,69710.435,58.51,23.7,20.45,1.26,11.75,126.38,28.79,-0.82,3.78,-2.72,-0.84,0.28,4.38,36.13,29.85,91.34,1.23,0.67,4.93,34.25,65.53,10.66,4.23,1.26,-0.5343496719413353917406406793
CPA,2013,7.358333333333333333333333333,66766.067,58.56,22.84,20.46,1.28,6.02,99.73,29.22,1.96,-0.63,-9.34,-7.57,-3.69,3.85,34.75,32.76,83.11,1.08,0.58,2.06,35.25,66.56,10.35,4.4,1.28,-0.3526950221722565736056461183
CPA,2012,8.075,64621.020,58.13,23.24,22.67,1.31,6.12,108.33,33.99,2.1,3.38,1.69,4.25,11.53,3.31,34.02,28.32,83.41,1.22,0.68,2.25,36.36,64.65,10.04,4.55,1.31,0.6099547511312217194570135747
CMRE,2016,4.866666666666666666666666667,74497.901,76.25,44.43,17.45,0.18,2.38,5.95,4.35,-4.52,-3.85,-43.17,-52.98,-750.0,0.6,8.2,10.94,58.0,0.75,0.62,1.11,0.81,12.96,449.75,0.22,0.18,0.03035714285714285714285714286
CMRE,2015,5.266666666666666666666666667,72482.854,74.78,44.12,29.32,0.18,2.74,14.25,6.66,1.32,1.99,24.92,21.74,nan,0.56,5.5,10.31,63.48,0.53,0.41,1.41,1.95,15.26,187.35,0.21,0.18,-0.4625719769673704414587332054
CMRE,2014,6.175,69710.435,73.54,43.83,23.78,0.18,3.38,14.14,5.77,16.84,25.91,11.64,1.47,nan,18.19,5.82,10.7,70.43,0.54,0.42,1.94,8.18,17.26,44.61,0.21,0.18,-0.4082907438955139125496876775
CMRE,2013,7.358333333333333333333333333,66766.067,70.4,40.67,24.89,0.17,4.09,17.25,7.62,7.28,6.94,27.07,13.33,nan,155.05,5.08,10.98,75.54,0.46,0.39,2.53,9.37,17.41,38.96,0.22,0.17,-0.03612479474548440065681444992
CMRE,2012,8.075,64621.020,68.7,40.8,21.01,0.18,4.44,19.08,8.01,1.05,-7.61,-7.38,-17.24,nan,68.69,12.98,10.79,77.48,1.2,1.12,2.69,4.21,15.0,86.61,0.23,0.18,0.3125
DAC,2016,4.866666666666666666666666667,74497.901,75.26,40.64,-73.48,0.14,6.41,-55.08,-14.03,-12.26,-29.06,nan,nan,-486.0,0.92,4.35,82.07,84.4,0.05,0.04,nan,6.84,35.71,53.35,0.16,0.14,-0.4528301886792452830188679245
DAC,2015,5.266666666666666666666666667,72482.854,77.99,50.26,20.6,0.15,4.39,15.3,5.06,2.87,8.76,nan,nan,nan,0.2,3.45,8.44,77.23,0.41,0.33,2.98,5.96,37.2,61.21,0.16,0.15,-0.5575959933222036727879799666
DAC,2014,6.175,69710.435,77.05,47.54,-0.71,0.14,5.6,-0.61,2.0,-6.13,-10.09,nan,nan,762.0,7.09,2.68,8.52,82.13,0.31,0.23,4.06,5.27,36.91,69.26,0.15,0.14,0.09506398537477148080438756856
DAC,2013,7.358333333333333333333333333,66766.067,77.24,49.64,6.38,0.14,6.79,7.22,3.35,-0.15,3.6,nan,nan,nan,7.96,3.12,9.1,85.28,0.34,0.25,5.06,3.66,36.96,99.86,0.15,0.14,0.1163265306122448979591836735
DAC,2012,8.075,64621.020,76.76,47.84,-17.86,0.14,9.57,-23.83,-0.54,25.83,37.31,nan,nan,nan,63.74,2.34,8.67,89.55,0.27,0.2,7.31,2.45,38.84,148.79,0.15,0.14,0.7818181818181818181818181818
DAL,2016,4.866666666666666666666666667,74497.901,62.19,18.92,15.18,0.31,1.59,6.03,4.8,28.75,51.23,61.49,30.82,nan,37.38,10.02,6.98,37.04,1.44,0.87,0.43,8.68,42.33,42.04,0.41,0.31,0.1384427729213254726570441147
DAL,2015,5.266666666666666666666666667,72482.854,61.49,16.11,12.61,0.39,1.6,5.34,5.39,185.4,366.07,513.85,297.53,nan,12.65,18.84,6.63,37.62,2.84,2.75,0.47,7.61,38.58,47.96,0.68,0.39,-0.02959163543105148944565002959
DAL,2014,6.175,69710.435,62.85,6.3,5.31,0.5,1.08,3.17,3.37,30.45,58.1,nan,nan,nan,26.69,77.5,6.95,7.28,11.14,10.92,nan,15.55,65.05,23.47,2.76,0.5,0.03049400284610693230331368164
DAL,2013,7.358333333333333333333333333,66766.067,62.04,8.14,0.12,2.83,nan,nan,nan,11.96,54.69,nan,nan,nan,6.2,47.12,53.05,305.54,0.89,0.64,nan,16.01,60.11,22.79,18.29,2.83,0.7906807426283218056061157627
DAL,2012,8.075,64621.020,61.16,5.89,-2.76,3.28,nan,nan,nan,55.36,108.43,nan,nan,124.62,0.69,53.03,97.22,369.93,0.55,0.41,nan,11.5,53.79,31.74,33.69,3.28,1.314237573715248525695029486
DHT,2016,4.866666666666666666666666667,74497.901,64.27,35.13,2.63,0.25,2.05,1.3,3.15,-2.49,-8.14,-91.21,-90.38,nan,66.15,12.72,5.29,51.2,2.4,1.93,0.94,38.22,7.82,9.55,0.29,0.25,-0.1328502415458937198067632850
DHT,2015,5.266666666666666666666666667,72482.854,64.76,37.29,28.88,0.26,1.93,14.91,10.14,142.14,nan,717.12,477.78,nan,39.7,15.33,3.71,48.17,4.13,3.92,0.85,34.39,7.84,10.61,0.31,0.26,-0.4882571075401730531520395550
DHT,2014,6.175,69710.435,38.93,-2.98,8.6,0.17,2.04,2.69,3.09,73.3,nan,nan,nan,nan,195.72,15.4,4.93,51.03,3.12,2.88,0.93,55.26,7.21,6.61,0.2,0.17,0.1067031463748290013679890561
DHT,2013,7.358333333333333333333333333,66766.067,42.22,1.93,-4.5,0.21,1.57,-1.77,0.06,-10.48,-84.76,nan,nan,nan,45.03,32.71,1.3,36.24,25.18,24.66,0.55,64.65,8.02,5.65,0.28,0.21,0.06871345029239766081871345029
DHT,2012,8.075,64621.020,56.68,13.61,-96.6,0.21,2.21,-48.55,-19.78,-2.93,-51.01,nan,nan,nan,3.95,22.33,4.03,54.72,5.54,5.28,1.12,52.1,10.5,7.01,0.25,0.21,0.6764705882352941176470588235
DSX,2016,4.866666666666666666666666667,74497.901,nan,-485.32,-351.35,0.23,1.28,-114.5,-116.14,116.53,nan,nan,nan,nan,1.57,90.31,21.2,21.9,4.26,4.07,nan,574.28,nan,0.64,11.64,0.23,0.3476821192052980132450331126
DSX,2015,5.266666666666666666666666667,72482.854,nan,nan,nan,0.06,1.48,-100.73,-103.88,203.37,nan,nan,nan,nan,36.8,90.07,29.83,32.39,3.02,2.93,nan,1126.41,nan,0.32,4.36,0.06,-0.3057471264367816091954022989
DSX,2014,6.175,69710.435,nan,nan,nan,0.01,1.13,-79.2,-79.91,nan,nan,nan,nan,nan,103.43,98.59,11.08,11.52,8.9,8.65,nan,1496.26,nan,0.24,2.77,0.01,-0.3517138599105812220566318927
LPG,2016,4.866666666666666666666666667,74497.901,79.54,54.49,44.84,0.2,1.89,13.95,9.83,177.74,401.46,413.4,408.89,nan,309.65,5.66,4.72,47.18,1.2,1.15,0.78,14.49,37.16,25.2,0.23,0.2,0.001218026796589524969549330085
LPG,2015,5.266666666666666666666666667,72482.854,58.38,30.18,24.26,0.11,1.26,3.23,2.65,251.39,615.66,791.4,400.0,nan,302.09,21.22,2.57,20.55,8.27,8.09,0.21,43.49,32.11,8.39,0.16,0.11,-0.3024638912489379779099405268
LPG,2014,6.175,69710.435,49.16,14.82,9.56,0.04,1.21,0.41,0.49,nan,nan,nan,nan,nan,581.27,37.5,1.77,17.62,21.17,19.0,0.17,24.22,58.18,15.07,0.06,0.04,-0.1526277897768178545716342693
ERA,2016,4.866666666666666666666666667,74497.901,-34.29,-104.01,-101.24,0.28,4.13,-81.1,-77.82,-19.54,nan,nan,nan,nan,1.12,65.32,16.27,75.77,4.01,3.06,nan,22.35,41.02,16.33,1.16,0.28,-0.2575966850828729281767955801
ERA,2015,5.266666666666666666666666667,72482.854,58.18,-22.01,-23.98,0.27,2.34,-45.33,-43.77,-12.23,nan,nan,nan,nan,3.58,47.16,11.72,57.31,4.02,2.99,nan,17.37,126.82,21.01,1.08,0.27,0.2986547085201793721973094170
ERA,2014,6.175,69710.435,-39.39,-70.4,-72.16,0.26,1.8,-22.36,-20.84,6.47,nan,nan,nan,nan,3.06,33.73,8.28,44.43,4.07,2.74,nan,15.08,39.76,24.2,0.85,0.26,-0.4728132387706855791962174941
ERA,2013,7.358333333333333333333333333,66766.067,-10.11,-47.21,-52.38,0.21,1.74,-13.56,-12.15,-10.21,nan,nan,nan,nan,25.59,38.59,10.06,42.61,3.84,2.3,nan,31.91,72.84,11.44,0.6,0.21,-0.3146467919637070641607258587
EURN,2016,4.866666666666666666666666667,74497.901,67.98,31.33,27.49,0.24,1.61,10.76,8.19,-14.48,-35.45,-41.75,-41.89,566.0,46.21,12.25,6.21,38.04,1.97,1.86,0.51,18.32,31.62,19.93,0.31,0.24,0.1635220125786163522012578616
EURN,2015,5.266666666666666666666666667,72482.854,71.08,41.51,41.04,0.28,1.6,20.74,13.1,82.97,6084.06,nan,nan,nan,41.53,12.33,5.9,37.33,2.09,1.95,0.5,38.37,108.12,9.51,0.37,0.28,-0.4201312910284463894967177243
GNK,2016,4.866666666666666666666666667,74497.901,63.88,18.92,9.16,0.46,2.99,13.15,9.09,57.61,61.64,113.77,57.88,37.77,9.36,9.73,13.42,66.6,0.72,0.63,1.18,10.01,53.48,36.46,0.7,0.46,0.8048780487804878048780487805
GNK,2015,5.266666666666666666666666667,72482.854,60.83,16.13,8.99,0.39,3.25,8.54,5.92,1.05,6.42,-7.08,-7.73,6.05,12.2,9.82,16.82,69.28,0.58,0.49,1.35,14.53,70.14,25.13,0.6,0.39,3.953020134228187919463087248
GNK,2014,6.175,69710.435,60.27,15.81,8.08,0.4,3.16,9.45,7.04,8.95,-15.47,-2.24,-2.65,-52.27,13.03,9.79,15.32,68.37,0.64,0.55,1.36,16.87,65.96,21.64,0.59,0.4,-0.8896296296296296296296296296
GNRT,2016,4.866666666666666666666666667,74497.901,62.04,17.28,-54.75,0.11,2.05,-12.43,-3.52,-23.92,-68.1,nan,nan,nan,45.02,9.68,5.77,51.33,1.68,1.55,0.94,6.82,21.91,53.46,0.12,0.11,0.4776785714285714285714285714
GNRT,2015,5.266666666666666666666666667,72482.854,69.64,41.21,16.63,0.15,2.08,4.83,3.85,-5.89,8.39,-48.05,-60.49,nan,244.64,7.19,7.24,51.97,0.99,0.75,0.93,28.86,16.29,12.64,0.17,0.15,-0.5259259259259259259259259259
GSL,2016,4.866666666666666666666666667,74497.901,-11.06,nan,nan,0.07,1.37,-111.75,-106.86,-28.87,nan,nan,nan,nan,23.86,85.48,21.34,27.14,4.01,3.6,nan,1423.68,137.18,0.26,1.33,0.07,-0.2266666666666666666666666667
GSL,2015,5.266666666666666666666666667,72482.854,-6.24,-876.17,-838.61,0.09,1.37,-68.8,-63.46,103.03,nan,nan,nan,nan,25.52,63.21,21.96,27.05,2.88,2.56,nan,867.13,134.69,0.42,1.87,0.09,-0.4230769230769230769230769231
GSL,2014,6.175,69710.435,-42.1,nan,nan,0.04,1.33,-105.06,-81.17,-34.25,nan,nan,nan,nan,53.08,66.96,15.7,24.55,4.27,3.84,0.06,1653.97,250.3,0.22,0.3,0.04,-0.4222222222222222222222222222
GSL,2013,7.358333333333333333333333333,66766.067,-16.73,nan,nan,0.06,1.78,-73.64,-56.57,-43.69,nan,nan,nan,nan,111.23,50.93,34.42,43.84,1.48,1.28,0.11,1130.56,154.57,0.32,0.22,0.06,-0.2512479201331114808652246256
GSL,2012,8.075,64621.020,43.7,-726.2,-659.54,0.1,1.31,-61.98,-57.28,35.58,nan,nan,nan,nan,89.31,39.67,18.31,23.37,2.16,1.68,nan,430.75,178.29,0.85,0.34,0.1,1.044217687074829931972789116
GOL,2016,4.866666666666666666666666667,74497.901,38.78,7.07,13.8,1.05,nan,nan,nan,0.91,nan,nan,nan,nan,4.45,24.76,59.78,145.0,0.43,0.37,nan,22.62,60.38,16.14,2.71,1.05,2.220588235294117647058823529
GOL,2015,5.266666666666666666666666667,72482.854,31.41,-1.84,-35.25,0.96,nan,nan,nan,-2.86,nan,nan,nan,nan,4.44,23.74,54.63,144.82,0.44,0.38,nan,15.21,33.09,24.0,2.49,0.96,1.385964912280701754385964912
GOL,2014,6.175,69710.435,34.85,5.04,-9.46,0.98,nan,nan,-17.82,12.39,90.77,nan,nan,nan,2.44,29.93,43.02,105.29,0.71,0.62,nan,12.28,10.54,29.73,2.73,0.98,-0.9008695652173913043478260870
GOL,2013,7.358333333333333333333333333,66766.067,33.71,2.97,-7.29,0.91,16.34,-115.13,-4.52,10.52,nan,nan,nan,nan,3.23,33.52,34.23,93.54,1.03,0.92,7.91,13.25,2.09,27.53,2.34,0.91,0.2582056892778993435448577681
GOL,2012,8.075,64621.020,39.02,-11.18,-19.56,0.82,12.32,-102.96,-17.48,7.48,nan,nan,nan,nan,5.86,23.13,44.99,91.88,0.51,0.46,4.74,15.31,13.51,23.84,2.08,0.82,-0.3033536585365853658536585366
GSH,2016,4.866666666666666666666666667,74497.901,25.32,17.91,14.74,1.06,2.12,40.05,28.98,260.26,220.03,181.59,597.53,nan,22.65,67.36,41.85,52.79,1.61,1.6,0.21,1.4,161.92,260.14,3.42,1.06,0.1019465522929726162982514022
GSH,2015,5.266666666666666666666666667,72482.854,27.11,20.16,18.79,0.48,4.84,43.43,21.26,nan,nan,nan,nan,nan,58.97,67.04,55.86,79.3,1.2,1.13,1.05,3.83,288.8,95.42,1.59,0.48,0.2261326860841423948220064725
KSU,2016,4.866666666666666666666666667,74497.901,65.25,35.07,28.39,0.27,2.16,11.96,8.53,-3.5,1.83,-1.12,0.68,nan,25.3,7.35,8.75,51.9,0.87,0.64,0.56,28.37,95.51,12.86,0.3,0.27,0.2400707130229817324690630524
KSU,2015,5.266666666666666666666666667,72482.854,63.28,33.23,27.81,0.29,2.13,12.61,8.76,-6.14,-0.66,-3.8,-3.3,nan,34.41,6.44,9.43,51.26,0.71,0.41,0.52,26.67,80.48,13.68,0.33,0.29,0.1363331994107405919378599170
KSU,2014,6.175,69710.435,59.82,31.4,27.67,0.33,2.15,14.11,9.53,8.77,9.55,43.03,43.08,nan,37.65,10.11,11.55,51.74,0.91,0.59,0.49,26.9,73.24,13.57,0.38,0.33,-0.3881012865688765057772678849
KSU,2013,7.358333333333333333333333333,66766.067,59.24,31.17,23.28,0.34,2.21,10.88,7.86,5.84,9.76,-6.86,-7.29,nan,34.04,12.67,10.25,52.72,1.29,0.92,0.55,29.42,69.84,12.4,0.39,0.34,-0.01453605749818299281272712590
KSU,2012,8.075,64621.020,58.17,30.06,27.54,0.36,2.07,12.89,9.65,6.69,10.02,14.23,14.33,-685.0,24.12,8.17,6.97,49.17,1.23,0.68,0.5,28.5,72.44,12.81,0.41,0.36,0.4833493052228078581696214662
KNX,2016,4.866666666666666666666666667,74497.901,18.28,16.36,13.67,1.01,1.37,12.31,11.39,-5.49,-13.57,-19.58,-18.31,nan,13.83,17.63,7.31,26.93,2.42,2.02,0.02,44.74,6.59,8.16,1.39,1.01,0.2161335187760778859527121001
KNX,2015,5.266666666666666666666666667,72482.854,19.76,17.89,15.77,1.07,1.52,16.48,14.08,7.31,9.17,13.47,13.6,nan,18.74,21.79,7.16,33.97,3.05,2.29,0.15,42.5,6.56,8.59,1.52,1.07,0.4836978951712752785802723896
KNX,2014,6.175,69710.435,18.71,17.59,15.59,1.17,1.6,16.74,14.7,13.73,35.32,48.47,45.35,nan,23.62,22.01,8.57,37.29,2.57,1.96,0.2,43.03,6.82,8.48,1.64,1.17,-0.2801544860368389780154486037
KNX,2013,7.358333333333333333333333333,66766.067,16.92,14.78,12.04,1.22,1.46,13.3,11.95,3.55,2.03,8.06,7.5,nan,14.51,20.42,7.79,31.59,2.62,1.89,0.07,41.23,5.81,8.85,1.65,1.22,0.8353326063249727371864776445
KNX,2012,8.075,64621.020,16.71,15.0,11.73,1.23,1.6,13.27,11.65,8.06,40.38,6.42,8.11,nan,17.16,20.84,6.88,37.3,3.03,2.07,0.16,39.75,5.99,9.18,1.66,1.23,0.2535885167464114832535885167
NVGS,2016,4.866666666666666666666666667,74497.901,54.76,27.35,15.58,0.18,1.8,4.78,4.68,-6.7,-38.71,-54.49,-54.55,nan,84.81,5.44,7.4,44.55,0.73,0.61,0.67,10.0,24.5,36.52,0.19,0.18,0.05913978494623655913978494624
NVGS,2015,5.266666666666666666666666667,72482.854,64.3,41.63,31.37,0.21,1.73,11.43,8.72,3.39,11.48,16.13,15.79,nan,76.18,7.96,5.87,42.06,1.36,1.22,0.62,9.41,29.06,38.81,0.23,0.21,-0.3186813186813186813186813187
NVGS,2014,6.175,69710.435,59.23,38.61,29.07,0.23,1.7,11.07,8.64,27.92,59.83,106.1,70.79,nan,75.57,6.17,5.85,41.21,1.05,0.91,0.6,11.39,29.41,32.04,0.26,0.23,-0.3518518518518518518518518519
NVGS,2013,7.358333333333333333333333333,66766.067,51.14,30.9,17.91,0.22,1.84,7.01,6.56,62.45,79.11,34.22,8.54,nan,195.65,17.11,6.78,45.62,2.52,2.39,0.71,12.03,33.74,30.34,0.28,0.22,-0.2182628062360801781737193764
NVGS,2012,8.075,64621.020,50.99,28.03,21.16,0.18,1.86,6.82,4.79,65.08,83.94,63.73,36.67,nan,131.4,20.59,5.17,46.19,3.98,3.75,0.76,9.64,40.32,37.87,0.24,0.18,-0.2302857142857142857142857143
NM,2016,4.866666666666666666666666667,74497.901,0.79,-5.23,-67.68,0.15,4.06,-32.76,-6.96,-11.15,nan,nan,nan,nan,14.65,9.92,9.58,74.19,1.08,0.9,2.35,53.99,95.42,6.76,0.24,0.15,-0.1489361702127659574468085106
NM,2015,5.266666666666666666666666667,72482.854,-3.13,-10.02,-26.0,0.16,2.99,-12.52,-1.13,-14.8,nan,nan,nan,nan,1.65,10.24,8.0,65.14,1.34,1.11,1.6,55.23,61.36,6.61,0.27,0.16,-0.1942857142857142857142857143
NM,2014,6.175,69710.435,32.56,3.52,-10.63,0.19,2.74,-5.07,1.76,13.87,97.16,nan,nan,nan,34.69,13.2,6.54,62.15,2.09,1.81,1.42,53.75,48.96,6.79,0.31,0.19,-0.5742092457420924574209245742
NM,2013,7.358333333333333333333333333,66766.067,31.08,0.97,-21.06,0.17,2.74,-9.6,-0.38,-16.9,-80.28,nan,nan,nan,28.46,11.64,5.36,61.88,2.27,1.94,1.42,61.25,58.86,5.96,0.29,0.17,-0.6317204301075268817204301075
NM,2012,8.075,64621.020,37.82,7.46,28.25,0.21,2.44,15.49,10.8,-10.57,-61.85,329.84,327.03,nan,9.27,16.0,6.7,57.29,2.48,2.08,1.14,55.39,54.71,6.59,0.35,0.21,2.311572700296735905044510386
NMM,2013,7.358333333333333333333333333,66766.067,nan,nan,nan,nan,1.03,-28.24,-28.91,nan,nan,nan,nan,nan,nan,16.4,2.6,2.6,6.31,5.62,nan,1465.74,nan,0.24,nan,nan,-0.4680962343096234309623430962
NAO,2016,4.866666666666666666666666667,74497.901,-44.57,-161.29,-181.67,0.05,1.6,-12.48,-8.42,-51.34,nan,nan,nan,nan,347.99,2.11,1.09,37.52,1.93,1.09,0.58,56.36,6.72,6.48,0.05,0.05,-0.5636363636363636363636363636
NAO,2015,5.266666666666666666666666667,72482.854,28.23,-23.01,-29.81,0.11,1.2,-3.61,-2.92,-31.1,nan,nan,nan,nan,174.66,4.32,2.29,16.75,1.88,1.2,0.17,35.51,10.65,10.28,0.13,0.11,-0.4781783681214421252371916509
NAO,2014,6.175,69710.435,53.93,21.33,15.43,0.19,1.01,2.46,2.7,nan,nan,nan,nan,nan,281.22,16.05,0.99,0.99,16.22,15.51,nan,14.74,13.98,24.77,0.27,0.19,-0.5708469055374592833876221498
OSG,2016,4.866666666666666666666666667,74497.901,43.94,17.29,15.89,0.68,1.69,10.4,8.11,-5.68,-15.52,-19.04,-16.32,-59.65,12.88,48.16,17.54,36.5,2.95,1.52,0.27,73.09,29.6,4.99,1.63,0.68,-0.3045685279187817258883248731
OSG,2015,5.266666666666666666666666667,72482.854,44.72,19.3,19.09,0.75,1.51,12.9,10.6,10.77,24.01,25.32,25.31,-43.81,11.45,50.73,16.32,28.8,3.35,1.83,0.15,70.36,26.96,5.19,1.87,0.75,-0.7584304107909258123850398529
RRTS,2016,4.866666666666666666666666667,74497.901,32.91,-1.48,-20.98,1.8,4.73,-88.88,-53.65,1.91,nan,nan,nan,nan,0.86,40.11,73.27,78.85,0.55,0.5,nan,48.93,33.91,7.46,11.0,1.8,-0.2579403272377285851780558229
RRTS,2015,5.266666666666666666666666667,72482.854,34.22,3.16,2.16,1.54,2.16,8.19,5.89,6.53,-0.77,-7.65,-6.82,nan,2.75,26.23,12.67,53.75,2.07,1.67,0.69,50.91,30.95,7.17,11.58,1.54,0.1018027571580063626723223754
RRTS,2014,6.175,69710.435,30.85,3.66,2.83,1.76,2.25,9.81,7.18,37.56,13.66,6.08,2.33,nan,2.4,27.9,13.6,55.58,2.05,1.73,0.75,44.39,26.24,8.22,15.39,1.76,-0.5961456102783725910064239829
RRTS,2013,7.358333333333333333333333333,66766.067,30.64,5.85,5.21,1.73,1.74,10.98,8.66,26.84,23.65,30.55,11.21,nan,2.32,24.48,12.77,42.61,1.92,1.59,0.36,39.43,23.58,9.26,16.49,1.73,-0.1335807050092764378478664193
RRTS,2012,8.075,64621.020,29.8,6.5,5.68,1.73,1.79,10.91,8.61,27.23,46.78,45.07,41.46,-640.0,1.41,23.56,14.41,44.05,1.63,1.33,0.37,38.31,25.46,9.53,22.13,1.73,0.4856670341786108048511576626
SB,2016,4.866666666666666666666666667,74497.901,49.58,14.82,13.69,1.14,2.11,22.86,18.73,-5.09,nan,nan,nan,1112.21,2.45,24.78,30.37,51.58,0.83,0.61,0.28,4.95,108.38,73.75,6.16,1.14,1.808695652173913043478260870
SB,2015,5.266666666666666666666666667,72482.854,30.65,-5.91,-6.68,1.27,2.25,-13.97,-8.09,7.2,nan,nan,nan,nan,2.22,12.12,34.73,55.61,0.35,0.13,0.28,5.11,66.07,71.43,7.47,1.27,0.4197530864197530864197530864
SB,2014,6.175,69710.435,34.64,-3.11,-4.04,1.17,1.84,-23.01,-17.78,52.96,nan,nan,nan,nan,13.34,16.99,32.2,45.65,0.53,0.35,0.04,8.37,80.07,43.59,8.28,1.17,-0.7928388746803069053708439898
SB,2013,7.358333333333333333333333333,66766.067,53.07,-5.95,-10.08,0.84,1.56,-16.59,-16.3,323.89,nan,nan,nan,56.93,11.15,18.24,30.15,33.64,0.63,0.43,nan,15.02,100.86,24.3,8.63,0.84,-0.6240384615384615384615384615
SB,2012,8.075,64621.020,48.57,-9.23,-16.51,0.39,1.22,4.35,4.22,-7.04,nan,nan,nan,nan,9.11,9.83,8.81,18.27,1.12,0.96,nan,95.18,162.66,3.83,7.93,0.39,2.095238095238095238095238095
SALT,2016,4.866666666666666666666666667,74497.901,-22.63,-112.62,-159.22,0.05,1.62,-13.2,-7.31,25.4,nan,nan,nan,nan,520.79,7.46,1.59,38.17,4.7,4.32,0.59,28.95,31.41,12.61,0.06,0.05,0.4653465346534653465346534653
SALT,2015,5.266666666666666666666666667,72482.854,-30.43,-109.84,-816.99,0.04,1.59,-47.86,-36.76,27.63,nan,nan,nan,nan,nan,26.43,8.55,37.09,3.09,1.64,0.45,147.61,44.46,2.47,0.06,0.04,-0.4893832153690596562184024267
SALT,2014,6.175,69710.435,-60.33,-126.57,-237.95,0.04,1.1,-10.12,-9.34,nan,nan,nan,nan,nan,nan,27.39,1.54,9.38,17.83,15.49,0.09,315.72,36.94,1.16,0.08,0.04,-0.5816412859560067681895093063
STNG,2016,4.866666666666666666666666667,74497.901,48.82,15.08,-4.76,0.15,2.45,-1.83,1.48,-30.83,-74.3,nan,nan,nan,24.26,4.88,11.93,59.28,0.41,0.37,1.16,35.96,18.04,10.15,0.17,0.15,-0.3267108167770419426048565121
STNG,2015,5.266666666666666666666666667,72482.854,63.5,40.58,28.81,0.24,2.49,16.9,9.91,120.45,1055.64,318.02,300.0,nan,119.81,7.95,6.74,59.87,1.18,1.14,1.32,33.52,26.87,10.88,0.27,0.24,-0.4351620947630922693266832918
STNG,2014,6.175,69710.435,34.21,7.74,15.2,0.15,2.41,3.99,3.34,65.14,nan,206.15,172.73,nan,409.32,9.76,6.79,58.54,1.44,1.02,1.25,77.84,28.83,4.69,0.19,0.15,-0.07710011507479861910241657077
STNG,2013,7.358333333333333333333333333,66766.067,22.64,-1.15,8.2,0.18,1.14,1.82,1.55,79.91,nan,nan,nan,nan,369.71,14.52,3.67,11.9,3.95,2.5,0.09,93.34,36.46,3.91,0.26,0.18,-0.2629346904156064461407972858
STNG,2012,8.075,64621.020,16.97,-5.87,-23.0,0.23,1.38,-7.56,-3.65,40.52,nan,nan,nan,nan,165.96,22.11,3.97,27.65,5.57,5.43,0.33,89.88,44.04,4.06,0.28,0.23,0.6582278481012658227848101266
CKH,2016,4.866666666666666666666666667,74497.901,37.51,3.7,-20.94,0.27,2.69,-18.52,-8.82,-21.21,nan,nan,nan,nan,81.37,26.65,13.57,61.1,2.06,1.99,0.82,70.71,49.65,5.16,0.53,0.27,-0.3295619379170293008413112852
CKH,2015,5.266666666666666666666666667,72482.854,36.47,5.49,-0.34,0.33,2.51,-5.15,-2.34,-20.06,-79.22,nan,nan,nan,56.69,27.87,6.53,58.54,4.44,4.27,0.81,66.5,42.84,5.49,0.68,0.33,0.3562856580759394058626795200
CKH,2014,6.175,69710.435,31.08,8.58,12.37,0.41,2.32,7.15,5.08,5.78,81.12,170.85,158.79,nan,27.33,25.68,8.7,55.25,3.06,2.89,0.6,61.0,37.98,5.98,0.89,0.41,-0.2878957691230036424768842813
CKH,2013,7.358333333333333333333333333,66766.067,27.13,5.01,5.42,0.37,2.22,2.37,2.15,-21.12,2.76,-39.61,-38.31,nan,15.71,27.67,8.23,54.69,3.39,3.2,0.6,72.9,42.12,5.01,0.65,0.37,-0.1907029478458049886621315193
CKH,2012,8.075,64621.020,25.29,2.48,4.17,0.41,2.16,3.49,2.94,-26.18,-31.92,49.1,54.45,nan,26.93,19.42,7.23,53.33,2.71,2.31,0.54,71.25,52.11,5.12,0.69,0.41,0.4017800381436745073108709472
SSW,2016,4.866666666666666666666666667,74497.901,43.29,5.07,6.04,2.47,1.3,16.1,15.88,-12.75,-57.48,-54.28,-54.58,nan,1.5,83.04,21.31,22.99,3.9,1.26,nan,3.04,30.73,120.11,23.33,2.47,-0.2614879649890590809628008753
SSW,2015,5.266666666666666666666666667,72482.854,44.92,10.33,11.23,2.71,1.37,34.95,33.87,2.7,-11.0,-10.31,-10.33,nan,1.67,83.98,25.39,27.01,3.31,0.69,nan,2.1,32.71,173.59,23.76,2.71,-0.4218848829854522454142947502
SSW,2014,6.175,69710.435,46.52,11.92,12.86,2.9,1.39,43.49,41.57,14.16,12.28,13.27,12.67,nan,3.06,80.71,26.48,28.18,3.05,1.36,nan,3.02,31.29,120.7,23.39,2.9,-0.1226415094339622641509433962
SSW,2013,7.358333333333333333333333333,66766.067,46.39,12.07,12.97,2.91,1.41,45.79,45.44,19.74,12.19,19.71,19.67,nan,2.5,79.87,28.31,29.38,2.82,1.26,nan,3.89,38.26,93.85,22.69,2.91,-0.2148148148148148148148148148
SSW,2012,8.075,64621.020,45.22,12.31,13.03,2.95,1.51,46.23,45.88,30.68,36.19,35.43,34.81,nan,3.86,80.91,32.75,33.88,2.47,1.0,nan,3.38,36.68,107.91,23.8,2.95,0.4316905801621958827199001871
SFL,2016,4.866666666666666666666666667,74497.901,92.72,19.04,19.96,0.54,1.21,9.21,8.86,nan,nan,-65.98,-71.12,nan,8.86,32.55,14.93,17.29,2.18,2.08,nan,175.99,128.42,2.07,18.5,0.54,0.04377104377104377104377104377
LUV,2016,4.866666666666666666666666667,74497.901,69.98,18.41,17.37,0.92,2.76,28.41,20.36,3.05,-9.51,2.89,8.56,nan,10.51,19.32,29.39,63.75,0.66,0.56,0.33,9.11,9.4,40.04,1.25,0.92,0.3132022471910112359550561798
LUV,2015,5.266666666666666666666666667,72482.854,69.6,20.96,17.55,0.95,2.9,30.92,22.35,6.53,76.73,91.99,99.39,373.0,10.3,18.88,34.75,65.47,0.54,0.47,0.35,7.73,7.8,47.25,1.33,0.95,0.1574547143520668834184858337
LUV,2014,6.175,69710.435,58.74,12.64,9.76,0.94,2.98,16.16,12.26,5.12,72.36,50.66,56.19,nan,9.4,21.8,29.32,66.46,0.74,0.57,0.36,7.69,6.61,47.46,1.34,0.94,0.01748582230623818525519848771
LUV,2013,7.358333333333333333333333333,66766.067,48.17,7.71,6.83,0.93,2.64,10.57,8.08,3.58,69.23,79.1,87.5,nan,8.18,23.03,29.34,62.08,0.79,0.63,0.3,7.74,25.78,47.13,1.35,0.93,1.246284501061571125265392781
LUV,2012,8.075,64621.020,44.44,4.72,4.01,0.93,2.66,6.11,4.79,9.13,-2.54,136.52,143.48,nan,7.89,22.73,25.01,62.4,0.91,0.71,0.41,6.74,41.6,54.16,1.37,0.93,0.83984375
SAVE,2016,4.866666666666666666666666667,74497.901,32.4,20.89,18.06,0.82,2.26,20.22,13.17,8.43,-5.15,-16.5,-14.16,nan,23.77,30.96,16.88,55.75,1.83,1.58,0.64,5.45,3.75,66.91,2.01,0.82,-0.2248530936743864500518492914
SAVE,2015,5.266666666666666666666666667,72482.854,33.57,23.88,23.46,1.04,2.07,28.47,21.28,10.87,42.72,40.7,42.21,nan,26.1,40.56,18.42,51.58,2.2,1.78,0.48,4.34,3.9,84.06,4.0,1.04,0.4519447929736511919698870765
SAVE,2014,6.175,69710.435,26.33,18.55,18.27,1.39,1.6,25.44,21.82,16.76,26.62,27.44,27.27,nan,9.66,45.61,22.81,37.42,2.0,1.79,0.14,4.34,4.68,84.11,14.8,1.39,-0.4727441121989944429743318338
SAVE,2013,7.358333333333333333333333333,66766.067,25.85,17.11,17.07,1.58,1.54,26.18,26.14,25.49,69.97,63.12,62.42,nan,1.2,54.97,28.46,34.86,1.93,1.65,nan,5.07,7.03,71.95,51.69,1.58,0.6643911032812155912794538648
SAVE,2012,8.075,64621.020,22.33,12.63,13.24,1.58,1.58,20.67,20.56,23.08,-29.88,41.87,4.2,nan,1.8,59.5,30.1,36.67,1.98,1.59,nan,5.28,7.15,69.09,51.09,1.58,1.561195713479977439368302312
TNP,2012,8.075,64621.020,nan,nan,nan,nan,1.14,-443.27,-444.21,-91.42,nan,nan,nan,nan,nan,98.82,12.26,12.26,8.06,7.98,nan,364119.09,nan,nan,0.01,nan,0.6026666666666666666666666667
UNP,2016,4.866666666666666666666666667,74497.901,41.47,36.47,33.93,0.36,2.8,20.83,13.35,-8.58,-9.69,-11.3,-7.65,nan,17.58,6.45,6.53,64.23,0.99,0.71,0.71,23.92,26.55,15.26,0.4,0.36,0.2934027777777777777777777778
UNP,2015,5.266666666666666666666666667,72482.854,41.15,36.91,35.1,0.41,2.64,22.78,15.26,-9.07,-8.01,-7.88,-4.52,nan,21.32,7.56,5.87,62.08,1.29,0.86,0.66,24.82,23.03,14.7,0.46,0.41,0.3258312020460358056265984655
UNP,2014,6.175,69710.435,40.34,36.49,34.78,0.47,2.49,24.43,17.41,9.22,17.55,18.05,22.08,-866.0,18.12,8.88,7.14,59.81,1.24,0.85,0.52,23.01,21.42,15.86,0.53,0.47,-0.3435742466213380340804163519
UNP,2013,7.358333333333333333333333333,66766.067,37.77,33.9,32.09,0.45,2.34,21.35,15.8,4.96,10.39,11.29,13.91,nan,15.92,8.02,7.62,57.32,1.05,0.75,0.41,22.81,21.74,16.0,0.51,0.45,0.4182142857142857142857142857
UNP,2012,8.075,64621.020,36.0,32.23,30.19,0.45,2.37,20.51,15.17,7.0,17.84,19.78,23.07,-724.0,17.86,7.66,6.61,57.85,1.16,0.77,0.44,23.83,22.4,15.32,0.51,0.45,0.3363028953229398663697104677
UAL,2016,4.866666666666666666666666667,74497.901,65.52,13.61,10.45,0.9,4.64,25.68,12.48,-3.45,-9.4,-69.17,-64.82,nan,8.82,18.21,30.61,78.43,0.59,0.46,1.24,11.64,58.03,31.35,1.63,0.9,-0.1033657044033524012238925103
UAL,2015,5.266666666666666666666666667,72482.854,61.92,14.5,11.14,0.97,4.56,129.2,43.69,-2.67,95.03,548.41,564.51,nan,7.25,19.16,30.38,78.06,0.63,0.51,1.16,11.15,56.98,32.72,1.88,0.97,0.3118673647469458987783595113
UAL,2014,6.175,69710.435,51.27,7.24,2.9,1.04,15.59,42.08,11.99,1.62,59.19,98.25,91.5,nan,5.15,21.79,33.49,93.59,0.65,0.44,4.46,12.59,40.08,28.99,2.11,1.04,-0.1433697114665869337718642547
UAL,2013,7.358333333333333333333333333,66766.067,55.97,4.62,1.41,1.03,12.34,32.96,8.55,3.03,29.88,nan,nan,nan,5.65,23.64,32.89,91.89,0.72,0.55,3.66,13.67,42.99,26.7,2.17,1.03,0.7681734073486650806238435104
UAL,2012,8.075,64621.020,48.06,3.67,-1.95,0.98,78.23,-63.23,0.37,0.11,-43.58,nan,nan,nan,5.43,26.71,34.07,98.72,0.78,0.61,23.35,13.34,28.83,27.36,2.2,0.98,0.6180496150556030795551753636
UPS,2016,4.866666666666666666666666667,74497.901,77.31,8.98,8.43,1.55,99.7,238.68,22.15,4.36,-28.7,-29.17,-27.66,nan,4.87,34.3,29.07,99.0,1.18,1.05,30.6,44.43,74.32,8.21,3.28,1.55,0.03934054431263084438241451500
UPS,2015,5.266666666666666666666666667,72482.854,77.82,13.14,12.58,1.58,15.51,210.11,34.1,0.23,54.35,59.76,63.11,nan,4.08,34.48,27.93,93.55,1.23,1.11,4.58,43.14,75.29,8.46,3.19,1.58,0.1913124805154317780317988153
UPS,2014,6.175,69710.435,74.66,8.53,7.96,1.62,16.57,70.39,21.56,5.04,-29.37,-30.65,-28.85,nan,4.0,33.29,24.37,93.96,1.37,1.15,4.61,41.25,64.7,8.85,3.21,1.62,-0.1343887739498066025006746424
UPS,2013,7.358333333333333333333333333,66766.067,75.28,12.69,12.04,1.48,5.59,78.58,26.5,2.42,423.75,441.76,455.42,348.0,3.72,36.97,19.7,82.12,1.88,1.65,1.67,41.52,63.34,8.79,3.09,1.48,0.05795584316711077274457556148
UPS,2012,8.075,64621.020,74.92,2.48,1.8,1.47,8.35,13.81,6.35,1.92,-77.91,-78.79,-78.39,-10.0,3.98,40.12,21.63,88.0,1.86,1.67,2.38,41.66,103.43,8.76,3.05,1.47,0.4252000542520005425200054252
USDP,2016,4.866666666666666666666666667,74497.901,64.03,29.37,21.07,0.35,6.54,49.06,8.51,35.91,45.36,36.62,27.13,nan,0.43,11.3,14.34,100.0,0.93,0.44,4.72,14.21,46.68,25.68,0.86,0.35,-0.2879746835443037974683544304
USDP,2015,5.266666666666666666666666667,72482.854,50.08,27.46,28.68,0.34,6.6,38.35,9.79,126.5,3370.48,nan,nan,nan,2.04,10.8,12.52,100.0,1.02,0.48,4.81,19.09,29.24,19.12,0.75,0.34,1.182320441988950276243093923
USDP,2014,6.175,69710.435,33.14,1.79,-20.75,0.28,3.78,-2.14,4.16,37.25,-55.96,nan,nan,nan,93.46,41.61,23.05,100.0,2.46,1.81,2.0,29.36,426.84,12.43,0.5,0.28,-0.4890613973182780522230063514
ZTO,2016,4.866666666666666666666666667,74497.901,35.17,27.96,28.81,0.57,1.19,14.44,13.85,60.83,82.95,54.22,63.39,nan,27.47,56.34,15.05,15.61,3.74,3.26,nan,4.78,26.76,76.39,3.36,0.57,0.3131731565865782932891466446
RLGT,2016,4.866666666666666666666666667,74497.901,23.85,0.56,-0.68,2.74,2.21,-5.47,-1.5,55.67,-34.44,nan,nan,nan,0.47,43.03,36.64,54.78,1.17,1.1,0.24,53.27,56.83,6.85,61.06,2.74,0.1794871794871794871794871795
RLGT,2015,5.266666666666666666666666667,72482.854,24.61,1.32,1.59,2.35,3.66,6.11,4.75,43.98,-21.86,14.77,-9.09,nan,0.81,47.45,36.57,72.64,1.3,1.19,1.02,70.87,75.16,5.15,69.62,2.35,0.1370262390670553935860058309
RLGT,2014,6.175,69710.435,28.42,2.43,2.37,3.43,2.94,14.2,11.68,12.32,84.54,39.94,10.0,nan,0.07,62.34,48.91,65.92,1.27,1.21,0.18,62.72,69.91,5.82,273.3,3.43,-0.1891252955082742316784869976
RLGT,2013,7.358333333333333333333333333,66766.067,28.45,1.48,1.97,3.69,5.29,26.97,14.47,4.66,2.6,92.36,100.0,nan,0.1,67.9,54.69,81.1,1.24,1.17,1.12,61.1,67.85,5.97,205.51,3.69,0.5783582089552238805970149254
RLGT,2012,8.075,64621.020,28.52,1.21,1.2,4.21,7.48,21.9,10.91,45.72,-13.42,-33.32,-44.44,nan,0.24,65.54,54.02,86.61,1.21,1.14,1.82,57.46,65.1,6.35,187.79,4.21,0.8873239436619718309859154930
