company_Symbol,year,f1,f2,f3,f4,f5,f6,f7,f8,f9,f10,f11,f12,f13,f14,f15,f16,f17,f18,f19,f20,f21,f22,f23,f24,f25,f26,growth_rate
ACTG,2016,4.866666667,74497.901,27.13,3.56,-23.98,0.47,1.11,-18.78,-18.78,22.12,nan,nan,nan,nan,0.8,63.68,9.58,9.71,6.69,6.16,nan,72.01,47.21,5.07,765.41,0.47,-0.463576159
ACTG,2015,5.266666667,72482.854,-1.63,-34.87,-122.11,0.28,1.12,-40.5,-40.5,-4.46,nan,nan,nan,nan,15.6,52.85,9.66,9.81,5.53,5.08,nan,78.33,21.54,4.66,323.93,0.28,0.75990676
ACTG,2014,6.175,69710.435,-3.6,-43.64,-47.95,0.23,1.11,-12.85,-12.85,0.25,nan,nan,nan,nan,32.74,40.78,8.65,8.91,4.76,4.64,nan,36.97,0.33,9.87,206.76,0.23,-0.746753247
ACTG,2013,7.358333333,66766.067,-9.44,-57.3,-61.89,0.21,1.07,-9.67,-9.91,-47.93,nan,nan,nan,nan,19.71,46.13,4.43,5.32,10.53,10.12,nan,22.62,0.85,16.13,236.3,0.21,0.165061898
ACTG,2012,8.075,64621.02,55.61,32.07,32.45,0.49,1.09,12.77,12.64,45.55,165.76,181.69,143.14,nan,71.2,48.54,3.32,7.59,14.76,14.6,nan,9.29,1.49,39.31,897.06,0.49,-0.433359314
AKAM,2016,4.866666667,74497.901,67.13,20.12,19.63,0.55,1.36,9.96,8.38,6.49,0.48,-1.64,0.56,72.33,13.52,29.95,8.57,26.27,3.49,3.22,0.2,40.86,32.76,8.93,3.01,0.55,0.001539883
AKAM,2015,5.266666667,72482.854,68.17,21.33,20.78,0.54,1.34,10.6,8.92,11.89,-5.25,-3.76,-3.26,-5.97,20.25,29.92,7.94,25.48,3.77,3.4,0.2,40.31,36.37,9.05,3.24,0.54,0.233897017
AKAM,2014,6.175,69710.435,70,25.19,24.43,0.56,1.36,11.98,9.97,24.46,18.43,13.79,14.29,11.72,16.22,31.55,8.35,26.4,3.78,3.26,0.21,36.98,46.82,9.87,3.73,0.56,-0.164072427
AKAM,2013,7.358333333,66766.067,68.79,26.47,26.59,0.57,1.12,11.8,11.63,14.85,32.63,43.87,43.75,-2.17,16.48,34.81,8.9,11.1,3.91,3.59,nan,36.89,43.35,9.9,3.97,0.57,0.334463756
AKAM,2012,8.075,64621.02,62.8,23.34,23.41,0.56,1.11,9.06,8.88,18.59,6.55,1.54,4.67,15.15,16,28.01,7.8,9.8,3.59,3.23,nan,47.08,35.3,7.75,4.31,0.56,0.153263261
ALJJ,2016,4.866666667,74497.901,23.8,5.11,1.76,1.27,2.96,15.8,9.37,27.83,44.91,-8.14,-14.29,174.57,1.36,29.25,19.73,66.19,1.48,1.15,1.27,50.72,18.39,7.2,5.26,1.27,-0.264018692
ALJJ,2015,5.266666667,72482.854,21.28,4.54,3.26,1.4,3.15,21.2,11.08,40.33,-25.18,-24.01,-27.08,-11.15,3.37,25.98,14.91,68.27,1.74,1.33,1.5,51.57,14.57,7.08,7.08,1.4,-0.067538126
ALJJ,2014,6.175,69710.435,22.52,8.44,7.61,2.39,2.03,41.41,27.84,nan,nan,-76.35,-67.35,nan,6.36,44.41,24.11,50.83,1.84,1.51,0.34,29.91,9.21,12.2,33.02,2.39,0.055172414
ALJJ,2013,7.358333333,66766.067,nan,nan,nan,nan,1.01,916,910.13,nan,nan,398.42,568.18,nan,nan,99.64,1.06,1.06,93.66,93.23,nan,nan,nan,nan,nan,nan,1.806451613
ALJJ,2012,8.075,64621.02,nan,nan,nan,3.14,nan,nan,nan,-2,-16.66,16.28,4.76,79.97,nan,94.2,33.78,127.27,2.79,0.88,nan,29.96,23.39,12.18,66.49,3.14,1.214285714
ARTX,2016,4.866666667,74497.901,30.28,0.23,-0.75,0.82,1.68,-4.41,-2.81,-3.73,nan,nan,nan,-60.17,2.06,43.58,21.72,40.51,2.01,1.52,0.13,67.18,28.93,5.43,15.05,0.82,0.014285714
ARTX,2015,5.266666667,72482.854,29.12,0.3,-0.92,0.8,1.83,-4.52,-2.59,-6.75,nan,nan,nan,-63.04,2.63,43.28,22.79,45.49,1.9,1.51,0.19,66.14,33.82,5.52,14.96,0.8,0.715686275
ARTX,2014,6.175,69710.435,31.58,3.77,4.74,1.01,1.88,6.1,6.6,16.93,-0.96,62.01,25,-42.31,2.41,44.92,22.54,46.8,1.99,1.6,0.26,52.79,30.6,6.91,18.18,1.01,-0.120689655
ARTX,2013,7.358333333,66766.067,27.2,4,3.76,1.12,1.68,4.98,5.08,10.64,nan,nan,nan,nan,1.92,47.86,22.61,40.52,2.12,1.5,0.04,45.33,34.71,8.05,18.86,1.12,-0.335243553
ARTX,2012,8.075,64621.02,22.37,-1.07,-1.75,1,2.03,-7.58,-5.38,28.83,nan,nan,nan,nan,1.61,46.72,33.99,50.67,1.37,0.97,0.03,49.07,40.68,7.44,17.6,1,2.388349515
ATHN,2016,4.866666667,74497.901,50.73,2.46,1.94,0.94,1.88,3.57,3.05,17.1,nan,49.71,48.57,nan,14.64,28.86,16.64,46.75,1.73,1.56,0.43,52.2,6.93,6.99,3.24,0.94,0.264999525
ATHN,2015,5.266666667,72482.854,50.02,-0.44,2.04,0.9,2.06,2.75,2.4,22.87,nan,nan,nan,nan,20,28.63,17.32,51.43,1.65,1.56,0.53,53.26,10.05,6.85,3.12,0.9,-0.346648444
ATHN,2014,6.175,69710.435,51.01,0.13,-0.5,0.87,1.96,-0.72,0.1,26.49,-83.68,nan,nan,-24.64,17.22,27.8,22.06,49.02,1.26,1.15,0.33,50.69,8.05,7.2,3.11,0.87,0.104804393
ATHN,2013,7.358333333,66766.067,59.89,0.98,0.37,0.97,2.04,0.74,1.02,40.91,-83.1,-86.15,-86,-15.42,11.32,22.43,18.8,50.87,1.19,1.02,0.44,45.78,4.33,7.97,4.46,0.97,0.083271375
ATHN,2012,8.075,64621.02,60.48,8.2,8.26,1.09,1.37,6.84,6.84,30.3,5.79,-1.65,-5.66,-15.53,9.37,63.99,15.59,27.26,4.1,3.82,nan,47.95,8.8,7.61,7.94,1.09,0.835175331
RILY,2016,4.866666667,74497.901,70.78,27.64,24.72,0.96,1.77,16.64,14.38,69.16,138.26,82.35,60.27,nan,0.33,59.7,31.74,43.34,1.89,1.8,0.19,23.99,12.56,15.21,59.7,0.96,-0.01897019
RILY,2015,5.266666667,72482.854,71.45,19.62,18.9,0.83,1.21,11.43,10.63,45.92,nan,nan,nan,nan,0.21,55.09,16.56,17.43,3.32,2.98,nan,30.03,79.66,12.15,164.51,0.83,0.882653061
RILY,2014,6.175,69710.435,51.31,-6.33,-11.26,0.73,1.43,-12.49,-7.49,1.29,nan,nan,nan,nan,0.33,63.27,30.16,30.16,2.1,1.18,nan,43.13,118.97,8.46,82.65,0.73,0
RILY,2013,7.358333333,66766.067,53.17,5.38,1.68,0.99,nan,nan,nan,-9.3,-44.93,-69.95,-66.67,nan,1.5,76.95,39.46,105.65,1.95,1.26,nan,59.25,150.13,6.16,73.91,0.99,0.768953069
RILY,2012,8.075,64621.02,56.32,8.87,7.48,1.07,nan,nan,nan,32.13,0.01,484.88,500,nan,0.76,79.37,43.03,106.41,1.87,1.05,nan,52.34,156.74,6.97,89.01,1.07,-0.09771987
BSQR,2016,4.866666667,74497.901,16.24,-1.19,-0.93,1.68,1.6,-2.8,-3.11,-8.59,nan,nan,nan,-15.09,0.4,91.23,33.14,37.53,2.75,2.71,nan,76.02,1.05,4.8,86.38,1.68,-0.205128205
BSQR,2015,5.266666667,72482.854,19.2,6.03,6.16,2.08,1.5,18.61,18.46,11.14,158.9,159.83,145,-47.84,0.26,89.24,30.9,33.21,2.89,2.85,nan,55.87,0.74,6.53,85.18,2.08,-0.039408867
BSQR,2014,6.175,69710.435,17.23,2.59,2.48,2.09,1.65,8.81,8.67,4.13,nan,nan,nan,1077.88,0.33,86.24,36.08,39.51,2.39,2.35,nan,56.16,1.84,6.5,109.81,2.09,0.338461538
BSQR,2013,7.358333333,66766.067,16.31,-3.37,-3.33,2.04,1.81,-19.59,-19.79,-9.16,nan,nan,nan,-79.64,0.21,87.4,42.98,44.74,2.03,1.91,nan,63.38,2.81,5.76,157.45,2.04,0.270949721
BSQR,2012,8.075,64621.02,18.8,1.16,1.26,2.29,1.58,3.27,3.27,4.7,nan,nan,nan,568.91,0.39,80.75,35.87,36.66,2.25,2.18,nan,53.09,2.77,6.87,112.91,2.29,0.221843003
CATM,2016,4.866666667,74497.901,35.66,13.41,9.05,0.94,2.99,21.27,9.23,5.42,10.9,31.17,29.73,26.43,9.95,19.75,22.99,66.51,0.86,0.5,1.1,23.1,15.88,15.8,3.29,0.94,-0.656655543
CATM,2015,5.266666667,72482.854,34.77,12.75,8.77,0.93,3.59,20.3,7.25,13.79,21.54,80.61,80.49,45.22,11.86,16.09,20.92,72.13,0.77,0.35,1.56,23.64,14.41,15.44,3.38,0.93,0.602971768
CATM,2014,6.175,69710.435,33.25,11.94,6.01,0.91,4.33,13.78,4.43,20.35,24.92,55.95,57.69,-26.09,10.42,15.72,19.92,76.96,0.79,0.45,2.11,24.27,19.43,15.04,3.48,0.91,-0.127786418
CATM,2013,7.358333333,66766.067,32.08,11.5,7.15,0.96,4.24,12.02,3.84,12.31,7.41,-45.36,-45.83,144.13,8.8,19.58,20.3,76.47,0.96,0.68,1.97,21.75,18.57,16.78,3.46,0.96,-0.112082854
CATM,2012,8.075,64621.02,31.31,12.25,9,1.05,5.21,33.65,8.85,24.96,13.05,-37.93,-39.24,-6.15,11.89,15.05,16.77,80.79,0.9,0.46,2.4,20.28,18.7,18,3.65,1.05,0.830244313
CASS,2016,4.866666667,74497.901,nan,nan,3.76,0.2,13.06,4.05,nan,-15.22,nan,25.18,26.32,nan,1.64,nan,nan,92.26,nan,nan,nan,nan,nan,nan,29.68,0.2,-0.129635167
CASS,2015,5.266666667,72482.854,nan,nan,3.99,0.24,12.58,3.14,nan,-0.99,nan,-32.85,-31.91,nan,0.92,nan,nan,91.97,nan,nan,nan,nan,nan,nan,38.44,0.24,0.429670799
CASS,2014,6.175,69710.435,nan,nan,3.63,0.28,11.6,5.5,nan,27.63,nan,104.86,8.11,nan,0.93,nan,nan,91.29,nan,nan,nan,nan,nan,nan,43.9,0.28,-0.033670729
CASS,2013,7.358333333,66766.067,nan,nan,3.66,0.24,14.53,3.03,nan,13.84,nan,-28.44,-28.05,nan,0.77,nan,nan,93.04,nan,nan,nan,nan,nan,nan,41.59,0.24,-0.20937449
CASS,2012,8.075,64621.02,nan,nan,3.98,0.22,11.63,4.75,nan,-1.99,nan,48.02,58.92,nan,3.09,nan,nan,91.39,nan,nan,0.23,nan,nan,nan,60.77,0.22,0.596193952
CBAK,2016,4.866666667,74497.901,-16.69,-116.91,-115.53,0.13,6.18,-68.84,-27.08,-25.42,nan,nan,nan,nan,57.16,34.66,50.99,83.83,0.68,0.22,1.26,120.17,755.1,3.04,0.23,0.13,0.04964539
CBAK,2015,5.266666667,72482.854,6.83,-26.24,139.26,0.26,2.92,183.16,78.31,-88.7,nan,-57.98,-58.86,nan,92.64,30.89,54.51,65.8,0.57,0.4,nan,74.6,391.41,4.89,0.48,0.26,-0.498220641
CBAK,2014,6.175,69710.435,7.77,-8.65,-21.71,0.64,nan,nan,nan,-33.7,nan,nan,nan,nan,15.41,28.86,109.86,109.86,0.26,0.2,nan,75.5,221.54,4.83,1.28,0.64,0.518918919
CBAK,2013,7.358333333,66766.067,-8.95,-20.56,-59.45,0.47,nan,-813.57,-63.47,-9.78,nan,nan,nan,nan,7.17,43.39,103.31,112.7,0.42,0.21,nan,122.37,242.17,2.98,0.91,0.47,-0.166666667
CBAK,2012,8.075,64621.02,0.59,-24.23,-30.86,0.45,6.17,-63.56,-19.28,-6.07,nan,nan,nan,nan,9.96,38.23,72.49,83.79,0.53,0.27,0.44,144.46,234.31,2.53,0.85,0.45,0.396226415
CDK,2016,4.866666667,74497.901,41.2,19.99,17.45,0.86,6.57,42.35,15.98,2.48,17.68,34.14,37.27,25.39,3.04,31.23,22.29,84.68,1.41,1.12,3.31,58.7,8.88,6.22,19.35,0.86,0.194169878
CDK,2015,5.266666667,72482.854,38.3,17.41,14.53,0.81,3.27,13.94,8.65,4.56,1.84,-21.38,nan,5.26,3.1,35.15,19.9,69.25,1.78,1.45,1.26,54.28,5.58,6.72,19.66,0.81,0.257425743
CDK,2014,6.175,69710.435,39.06,18.22,17.88,0.79,1.45,13.64,13.37,7.31,12.43,13.79,nan,-10.11,3.26,35.06,19.08,30.81,1.84,1.5,nan,52,5.04,7.02,19.47,0.79,0.164622179
CCRC,2016,4.866666667,74497.901,26.99,11.76,13.37,2.12,1.32,32.93,33.1,22.55,64.17,73.37,50,19.47,0.66,84.71,24.44,24.44,3.47,3.31,nan,56.33,5.37,6.48,17.21,2.12,-0.00929692
CCRC,2015,5.266666667,72482.854,20.99,8.76,10.19,2.33,1.42,30.86,26.11,39.08,205.46,167.9,203.03,nan,2.72,81.86,29.82,29.82,2.75,2.59,nan,48.19,4.23,7.57,15.21,2.33,1.162060302
CMPR,2016,4.866666667,74497.901,56.73,6.12,3.7,1.29,8.83,26.22,5.84,19.67,13.2,-41.06,-39.93,3.42,6,13.71,22.95,88.68,0.6,0.35,4.76,6.58,35.92,55.47,3.72,1.29,0.308590765
CMPR,2015,5.266666667,72482.854,61.95,6.66,6.68,1.3,5.26,38.31,11.79,17.63,12.12,111.03,113.28,103.88,6.25,16.64,24.58,80.09,0.71,0.46,2.39,6.8,38.08,53.69,3.65,1.3,0.129036234
CMPR,2014,6.175,69710.435,64.49,6.76,4.46,1.6,4.25,20.71,7.75,8.8,86.27,48.45,50.59,26.35,6.47,15.97,24.7,76.23,0.65,0.41,1.84,6.54,30.49,55.78,4.02,1.6,0.084179583
CMPR,2013,7.358333333,66766.067,65.71,3.95,3.49,1.96,3.17,15.54,6.88,14.43,-16.4,-33.09,-24.78,-40.58,7.49,16.66,25.77,68.49,0.65,0.47,1.21,6.59,22.12,55.4,4.31,1.96,0.31644679
CMPR,2012,8.075,64621.02,65.19,5.41,5.47,1.77,3.13,13.76,8.26,24.88,-40.72,-46.42,-38.25,-25.45,5.11,19.51,23.97,68.05,0.81,0.58,1.21,5.99,21.54,60.89,3.9,1.77,0.730066951
CLCT,2016,4.866666667,74497.901,62.43,20.29,20.21,2.02,1.88,45.66,45.66,-1.18,2.16,3.23,2.3,-28.52,3.39,67.25,44.69,46.81,1.5,1.26,nan,18.99,37.37,19.22,23.6,2.02,0.345232504
CLCT,2015,5.266666667,72482.854,62.63,19.63,19.56,1.82,1.74,37.85,37.85,1.84,-2.95,0.57,-2.25,-13.11,2.07,74.13,39.34,42.65,1.88,1.56,nan,13.54,31.85,26.95,25.74,1.82,0.373548387
CLCT,2014,6.175,69710.435,62.58,20.6,20.66,1.77,1.72,35.72,35.72,23.39,31.41,28.43,25.35,35.2,2.28,75.87,37.55,42,2.02,1.65,nan,12.61,29.55,28.95,26.23,1.77,-0.256951103
CLCT,2013,7.358333333,66766.067,61.16,19.34,19.54,1.41,1.61,25.41,25.41,1.51,3.68,-15.1,-15.48,-16.29,2.27,74.89,31.24,37.72,2.4,2.01,nan,14.35,30.94,25.43,24.87,1.41,0.216326531
CLCT,2012,8.075,64621.02,59.88,18.94,19.12,1.33,1.49,27.21,27.21,8.84,-5.18,31.84,27.27,-4.17,2.69,75.31,25.58,32.69,2.94,2.48,nan,12.56,28.36,29.06,31.24,1.33,0.709870389
CSGP,2016,4.866666667,74497.901,79.25,17.3,16.32,0.39,1.32,5.32,4.64,17.68,1164.99,nan,nan,nan,2.24,28.72,7.09,24.29,4.05,3.97,0.19,19.35,22.2,18.86,9.53,0.39,0.575415141
CSGP,2015,5.266666667,72482.854,73.46,1.61,0.36,0.34,1.35,-0.23,0.1,23.58,-85.84,nan,nan,nan,4.93,22.73,6.51,25.76,3.49,3.42,0.22,20.25,17.66,18.03,8.78,0.34,-0.088054574
CSGP,2014,6.175,69710.435,72.74,14.04,12.31,0.34,1.38,3.68,3.44,30.61,49.35,50.9,39.05,nan,4.77,28.79,5.72,27.36,5.03,4.75,0.24,18.84,15.75,19.37,8.76,0.34,0.125578609
CSGP,2013,7.358333333,66766.067,70.7,12.28,10.78,0.36,1.35,3.39,3.26,26.01,97.35,199.89,183.78,nan,4.32,24.54,8.87,26.18,2.77,2.48,0.14,15.38,15.78,23.74,8.48,0.36,-0.00514682
CSGP,2012,8.075,64621.02,67.18,7.84,6.61,0.36,1.41,1.33,1.39,39.01,26.04,-32.35,-40.32,nan,4.24,17.13,8.72,29.08,1.96,1.75,0.19,17.2,19.45,21.22,8.34,0.36,1.065346313
CRAI,2016,4.866666667,74497.901,29.99,5.83,6.74,1.02,1.56,6.11,6.11,6.99,11.83,68.32,79.52,1334.87,4.01,52.69,29.14,35.84,1.81,1.6,nan,71.79,21.98,5.08,9.59,1.02,0.228142077
CRAI,2015,5.266666667,72482.854,31.59,5.57,3.89,0.97,1.48,3.57,3.72,-0.92,-29.63,-43.86,-39.86,-90.57,5.92,44.88,27.5,32.65,1.63,1.49,nan,71.53,24.04,5.1,13.19,0.97,0.962466488
CRAI,2014,6.175,69710.435,32.5,7.85,7.61,0.96,1.47,6.23,6.33,10.03,29.83,19.95,23.21,66.06,1.37,52.43,28.12,31.91,1.87,1.49,nan,69.06,24.24,5.29,20.19,0.96,-0.384894459
CRAI,2013,7.358333333,66766.067,32.03,6.65,6.44,0.91,1.43,5.23,5.32,2.97,36.31,nan,nan,nan,1.01,50.88,27.53,29.95,1.85,1.52,nan,74.68,22.69,4.89,16.56,0.91,0.531313131
CRAI,2012,8.075,64621.02,32.55,5.02,-21.46,0.81,1.38,-22.13,-21.81,-11.41,-53.26,nan,nan,nan,1.01,58.79,23.78,27.41,2.48,1.92,nan,84.02,20.25,4.34,13.66,0.81,0.001517451
CTRP,2016,4.866666667,74497.901,75.4,-8.16,-9.15,0.15,2.02,-2.46,-1.39,76.45,nan,nan,nan,91.73,3.58,31.79,21.57,49.06,1.52,1.26,0.48,73.8,510.23,4.95,3.45,0.15,0.1025
CTRP,2015,5.266666667,72482.854,72.07,3.5,27.58,0.15,2.67,9.27,4.93,48.33,nan,933.06,795.28,nan,6.04,34.16,33.76,55.32,1.2,0.95,0.41,83.36,494.63,4.38,2.02,0.15,-0.136628534
CTRP,2014,6.175,69710.435,71.41,-2.05,0.48,0.28,3.28,2.69,0.75,36.39,nan,-75.69,-76.15,nan,65.3,54.57,41.77,68.7,1.34,1.08,0.85,83.09,342.45,4.39,2.22,0.28,1.036483516
CTRP,2013,7.358333333,66766.067,74.26,15.56,21.24,0.33,2.44,13.29,7.75,29.53,28.08,39.74,33.68,62.08,12.1,69,30.88,58.63,2.26,1.95,0.66,84.77,350.22,4.31,4.25,0.33,-0.083031036
CTRP,2012,8.075,64621.02,75.05,15.74,22.86,0.39,1.8,10.56,7.19,18.89,-38.59,-33.63,-29.61,-31.96,13.06,65.5,33.78,43.93,1.95,1.56,0.17,77.8,314.23,4.69,4.6,0.39,1.189761695
EBAY,2016,4.866666667,74497.901,77.65,25.89,40.66,0.43,2.26,84.91,42.71,4.5,5.83,321.22,347.18,nan,6.97,37.22,16.13,55.81,2.3,2.3,0.71,24.61,57.47,14.83,5.85,0.43,0.271135062
EBAY,2015,5.266666667,72482.854,79.39,25.57,28,0.27,2.7,13.03,8.81,-52.01,-37.48,3650,nan,nan,7.77,44.44,12.72,63.03,3.49,3.49,1.03,30.08,77.29,12.14,3.86,0.27,0.080422125
EBAY,2014,6.175,69710.435,81.08,28.17,28.61,0.41,2.27,0.21,0.14,11.56,4.24,-98.39,-98.17,nan,14.46,58.79,38.84,55.89,1.51,1.51,0.34,17.29,22.61,21.11,6.32,0.41,0.16342083
EBAY,2013,7.358333333,66766.067,81.93,29.72,31.14,0.41,1.75,12.83,10.71,14.04,16.72,9.47,9.55,nan,15.14,56.12,30.46,43,1.84,1.84,0.17,19.57,22.11,18.65,6.11,0.41,0.02295366
EBAY,2012,8.075,64621.02,70.04,20.52,21.92,0.44,1.78,13.45,11.23,20.77,21.7,-19.21,-19.11,nan,8.93,57.72,29.47,43.72,1.96,1.91,0.2,19.5,25.28,18.72,6.28,0.44,0.075955266
EBAYL,2016,4.866666667,74497.901,77.65,25.89,40.66,0.43,2.26,84.91,42.71,4.5,5.83,321.22,nan,nan,6.97,37.22,16.13,55.81,2.3,2.3,0.71,24.61,57.47,14.83,5.85,0.43,0.038550501
ESIO,2016,4.866666667,74497.901,38.17,-14.25,-23.25,0.72,1.55,-23.78,-21.85,-12.67,nan,nan,nan,nan,2.51,77.29,25.86,35.69,2.99,1.8,0.09,94.37,68.33,3.87,5,0.72,2.619932432
ESIO,2015,5.266666667,72482.854,39.43,-5.12,-6.66,0.84,1.29,-7.06,-7.06,15.88,nan,nan,nan,nan,2,76.07,18.52,22.75,4.11,2.5,nan,87.81,41.79,4.16,5.69,0.84,0.140655106
ESIO,2014,6.175,69710.435,34.37,-18.23,-27.39,0.65,1.25,-21.89,-21.89,-12.17,nan,nan,nan,nan,3.38,76.38,19.12,19.85,3.99,2.55,nan,96.07,41.9,3.8,5.22,0.65,-0.331185567
ESIO,2013,7.358333333,66766.067,33.05,-16.32,-21.21,0.61,1.21,-15.74,-15.74,-16.37,nan,nan,nan,nan,4.19,77.91,16.9,17.52,4.61,3.21,nan,70.1,48.96,5.21,6.49,0.61,-0.258126195
ESIO,2012,8.075,64621.02,28.29,-13.38,-6.86,0.57,1.22,-17.02,-17.02,-14.79,nan,nan,nan,16.19,2.87,76.5,16.16,18.02,4.73,3.41,nan,54.36,35.94,6.71,7.22,0.57,0.051256281
XELA,2016,4.866666667,74497.901,34.28,6.36,-7.58,nan,70.24,1.14,-22.56,nan,nan,nan,nan,nan,nan,0.03,0.03,98.58,1.12,1.12,nan,nan,nan,nan,nan,nan,-0.48241206
XELA,2015,5.266666667,72482.854,30.47,5.01,-8.91,nan,70.22,-14.96,-21.23,nan,nan,nan,nan,nan,nan,0.27,0.02,98.58,14.19,13.08,nan,nan,nan,nan,nan,nan,0.025773196
EXLS,2016,4.866666667,74497.901,34.7,9.36,12.23,1.01,1.33,12.38,11.04,9.15,-4.63,19.72,18.54,4.64,3.77,53.62,17.59,24.68,3.05,2.73,0.07,54.73,3.95,6.67,14.14,1.01,0.196471055
EXLS,2015,5.266666667,72482.854,35.89,10.72,12.06,1.03,1.4,11.66,9.5,25.88,97.83,58.93,57.29,82.41,4.07,52.12,16.46,28.44,3.17,2.91,0.13,50.2,5.01,7.27,13.46,1.03,0.12263521
EXLS,2014,6.175,69710.435,33.4,6.82,7.54,0.96,1.37,8.26,7.73,4.35,-49.51,-32.54,-32.39,-41.71,5.54,52.72,15.86,26.92,3.32,2.95,0.12,57.16,5.15,6.39,12.49,0.96,0.564959944
EXLS,2013,7.358333333,66766.067,39.19,14.09,13.58,1.06,1.27,13.54,13.41,8.02,17.8,14.97,12.7,42.36,3.33,54.51,16.42,20.99,3.32,3.03,nan,57.16,5.22,6.39,12.79,1.06,0.039464156
EXLS,2012,8.075,64621.02,38.62,12.92,12.81,1.09,1.27,13.43,12.75,22.85,38.52,20.29,14.55,27.77,4.25,47.71,17.06,20.96,2.8,2.46,0.01,53.32,5.33,6.85,10.73,1.09,0.042264151
FNJN,2016,4.866666667,74497.901,83.48,1.92,1.92,1.33,nan,nan,nan,292.3,nan,nan,nan,nan,0.05,82.14,20.84,95.16,3.94,3.87,nan,21.16,245.06,17.25,79.94,1.33,0.911504425
FNJN,2015,5.266666667,72482.854,82.63,-296.14,-268.76,0.31,1.45,-103.02,-103.11,-6.22,nan,nan,nan,nan,5.87,69.82,29.65,31.07,2.35,2.24,nan,nan,873.26,nan,29.02,0.31,-0.017391304
FNJN,2014,6.175,69710.435,83.99,-192.38,-170.57,0.21,1.14,-46.42,-46.82,571.77,nan,nan,nan,nan,0.42,94.85,12.44,12.44,7.62,7.58,nan,75.44,495.03,4.84,9.81,0.21,-0.574074074
FNJN,2013,7.358333333,66766.067,nan,nan,nan,0.05,1.03,-94.92,-97.21,-51.12,nan,nan,nan,nan,nan,88.85,3.17,3.31,28.06,27.85,nan,20.68,331.2,17.65,0.74,0.05,-0.580093313
FCEL,2016,4.866666667,74497.901,-0.33,-42.82,-46.83,0.35,2.99,-51.65,-31.04,-33.62,nan,nan,nan,nan,7.14,59.18,15.28,66.56,3.87,2.1,0.72,143.95,57.5,2.54,3.3,0.35,-0.028571429
FCEL,2015,5.266666667,72482.854,7.83,-17.72,-18.03,0.58,2.91,-33.34,-25.69,-9.55,nan,nan,nan,nan,4.25,73.55,26.96,65.69,2.72,1.61,0.14,140.07,47.01,2.61,5.86,0.58,-0.647177419
FCEL,2014,6.175,69710.435,7.61,-15.15,-21.3,0.7,2.81,-94.38,-46.68,-3.92,nan,nan,nan,nan,3.93,77.34,26.6,64.57,2.89,1.98,0.13,114.88,52.05,3.18,7.09,0.7,-0.731601732
FCEL,2013,7.358333333,66766.067,3.8,-15.89,-18.62,0.87,nan,nan,-94.94,55.6,nan,nan,nan,nan,3.49,79.67,44.57,105.21,1.78,1.1,nan,73.04,37.19,5,7.9,0.87,0.092198582
FCEL,2012,8.075,64621.02,0.37,-26.64,-29.71,0.64,13.2,nan,-376.05,-1.6,nan,nan,nan,nan,3.69,76.21,44.25,92.44,1.72,1.1,0.27,72.54,40.09,5.03,5.11,0.64,0.532608696
GPRO,2016,4.866666667,74497.901,38.96,-31.46,-31.65,1.17,2.06,-68.75,-68.75,-26.82,nan,nan,nan,nan,3.68,63.71,46.69,51.56,1.36,0.89,nan,48.42,74.41,7.53,16.18,1.17,-0.130884041
GPRO,2015,5.266666667,72482.854,41.56,3.38,3.25,1.6,1.43,5.11,5.11,16.19,-70.73,-71.79,-72.83,53.21,3.16,75.54,26.76,30,2.82,2.11,nan,37.62,41.68,9.7,29.03,1.6,-0.516379789
GPRO,2014,6.175,69710.435,44.99,13.42,12.98,2.05,1.43,35.1,35.1,41.44,89.49,111.44,95.74,-17.5,1.97,89.69,28.2,30.13,3.18,2.34,nan,40.14,60.12,9.09,37.85,2.05,-0.715121797
GRVY,2016,4.866666667,74497.901,41.64,6.67,6.65,1.02,1.8,0.82,-0.48,44.13,nan,nan,nan,nan,0.35,96.74,37.1,45.01,2.58,2.44,nan,52.06,79.08,7.01,69.69,1.02,7.957345972
GRVY,2015,5.266666667,72482.854,15.08,-31.91,-43.97,0.66,1.5,-43.08,-44.64,-10.6,nan,nan,nan,nan,1.17,95.51,19.05,34.05,4.96,4.74,nan,40.43,33.62,9.02,23.52,0.66,2.338607595
HQY,2016,4.866666667,74497.901,57.26,20.62,20.16,0.67,1.08,9.56,9.56,44.31,54.94,63.42,33.33,nan,39.25,65.08,5.51,7.43,11.82,11.41,nan,33.63,12.58,10.85,41.69,0.67,0.151530109
HQY,2015,5.266666667,72482.854,54.6,19.21,17.94,0.82,1.1,19.57,19.57,41.67,46.42,724.49,61.54,-45.02,9.26,78.55,5.56,9.24,14.12,13.6,nan,30.66,16.8,11.91,38.46,0.82,0.616274432
HQY,2014,6.175,69710.435,52.89,18.58,8.67,1.13,nan,nan,nan,34.56,62.49,-88.96,nan,39.22,8.77,43.12,17.12,38.27,2.52,2.08,nan,33.58,29.59,10.87,31.13,1.13,-0.014931238
HPJ,2016,4.866666667,74497.901,21.91,3.18,4.06,1.17,3.63,14.07,7.78,18.93,445.11,58.74,60,nan,4.88,64,72.41,72.41,0.89,0.57,nan,86.52,114.98,4.22,3.82,1.17,0.574468085
HPJ,2015,5.266666667,72482.854,19.12,0.47,2.93,1.04,3.2,9.35,5.31,-0.62,-76.95,39.98,38.89,nan,7.7,60.12,68.4,68.5,0.88,0.49,nan,85.46,124.47,4.27,2.99,1.04,-0.216666667
HPJ,2014,6.175,69710.435,20.5,2.04,2.17,0.99,3.61,7.46,4.47,10.72,25.26,89.72,63.64,nan,6.04,61.01,69.99,72.08,0.88,0.48,0.05,82.23,132.02,4.44,2.97,0.99,-0.39637827
HPJ,2013,7.358333333,66766.067,19.86,1.8,1.55,0.98,4.55,4.5,2.71,17.93,5.41,-15.48,-15.38,nan,15.04,64.11,75.2,77.81,0.86,0.39,0.12,81.44,115.77,4.48,3.24,0.98,0.94140625
HPJ,2012,8.075,64621.02,21.04,2.01,2.4,1.08,3.86,5.73,2.98,1.85,1369.03,nan,nan,nan,11.52,67.1,69.1,73.94,0.98,0.4,0.19,75.26,101.9,4.85,3.82,1.08,1.485436893
HMSY,2016,4.866666667,74497.901,30.03,11.78,10.1,0.56,1.59,6.96,5.94,3.27,21.22,53.45,53.57,14.81,4.29,41.65,10.21,36.95,4.08,3.91,0.36,127.72,11.52,2.86,5.19,0.56,-0.066629956
HMSY,2015,5.266666667,72482.854,27.56,10.03,8.39,0.55,1.64,4.64,4.03,6.99,39.08,75.86,75,-18.83,2.49,39.22,10.33,38.85,3.8,3.55,0.38,125.55,12.02,2.91,4.46,0.55,0.471636953
HMSY,2014,6.175,69710.435,26.01,7.72,5.94,0.5,1.65,2.69,2.6,-9.87,-55.68,-65.13,-64.44,-3.76,5.91,36.05,10.37,39.49,3.47,3.18,0.37,135.4,12.19,2.7,3.71,0.5,-0.416272469
HMSY,2013,7.358333333,66766.067,28.94,15.69,13.34,0.55,1.75,8.29,6.36,3.81,-22.44,-20.82,-21.05,35.67,5.24,32.47,9.82,42.81,3.31,3.07,0.46,120.52,9.55,3.03,3.9,0.55,-0.068722467
HMSY,2012,8.075,64621.02,32.68,21.01,17.59,0.53,2,11.83,7.88,30.2,23.05,5.72,3.64,52.69,5.8,33.06,10.87,50.02,3.04,2.86,0.64,102.3,13.35,3.57,3.69,0.53,-0.124228395
IKNX,2016,4.866666667,74497.901,35.5,-0.13,-0.39,1.05,1.36,-0.48,-0.06,0.04,nan,nan,nan,nan,11.9,49.44,7.18,26.44,6.89,5.1,0.23,46.76,18.53,7.81,2.08,1.05,-0.331555556
IKNX,2015,5.266666667,72482.854,34.99,1.26,1.28,1.18,1.13,1.01,1.01,-5.02,-75.83,-79.19,-78.13,nan,16.63,45.47,7.46,11.28,6.09,3.98,nan,44.28,12.65,8.24,2.63,1.18,0.00536193
INWK,2016,4.866666667,74497.901,24.16,3.27,1.41,1.82,2.23,1.67,1.87,5.96,34.44,nan,nan,nan,1.22,54.43,34.8,55.22,1.56,1.2,0.41,62.19,64.32,5.87,33.39,1.82,0.018274112
INWK,2015,5.266666667,72482.854,23.33,2.47,-2.02,1.66,2.36,-11.67,-7.81,2.92,58.57,nan,nan,nan,1.46,54.21,36.98,57.59,1.47,1.11,0.38,65.3,72.68,5.59,32.97,1.66,0.313333333
INWK,2014,6.175,69710.435,22.94,1.55,4.56,1.61,2.13,16.42,13.6,12.25,240.12,nan,nan,nan,1.41,48.19,30.76,53.09,1.56,1.2,0.35,64.42,73.46,5.67,37.4,1.61,-0.037227214
INWK,2013,7.358333333,66766.067,22.68,0.55,-1.03,1.57,2.5,-3.7,-1.98,11.69,-82.69,nan,nan,nan,1.37,45.5,35.61,60.07,1.28,1,0.28,66.12,76.1,5.52,43.67,1.57,0
INWK,2012,8.075,64621.02,22.49,2.29,5.66,1.63,2.34,9.45,7.85,25.85,25.64,16.59,8.82,nan,1.5,48.53,31.67,57.3,1.53,1.19,0.29,62.67,66.58,5.82,54.7,1.63,-0.434687954
IDCC,2016,4.866666667,74497.901,82.95,65.68,63.42,0.42,2.34,49.43,36.4,50.84,109.69,159.17,168.5,588.15,1.62,70.67,24.84,56.82,2.87,2.78,0.37,77.38,53.12,4.72,53.75,0.42,-0.166392994
IDCC,2015,5.266666667,72482.854,72.73,47.24,41.01,0.33,2.89,24.36,14.27,6.16,23.43,14.26,24.81,-65.46,12.11,68.56,27.34,65.11,2.53,2.47,0.51,43.65,81.33,8.36,35.75,0.33,0.86276509
IDCC,2014,6.175,69710.435,67.82,40.63,36.92,0.36,2.55,20.93,16.02,27.8,95.78,173.4,184.78,14.35,15.71,70.58,17.28,60.55,4.11,3.68,0.47,63.43,80.69,5.75,37.66,0.36,-0.072967864
IDCC,2013,7.358333333,66766.067,56.04,26.52,18.91,0.3,2.11,7.29,5.24,-50.93,-80,-85.96,-85.3,-2.54,19.57,77.03,11.41,52.29,6.78,6.26,0.4,147.35,43.51,2.47,37.49,0.3,0.793828416
IDCC,2012,8.075,64621.02,80.95,65.09,61.63,0.65,2.03,54.89,40.73,119.75,220.26,203.8,222.68,nan,2.88,77.07,16.36,50.91,4.71,4.32,0.39,54.48,24.15,6.7,83.82,0.65,-0.282307131
KGJI,2016,4.866666667,74497.901,10.3,9.43,8.84,1.04,8.01,33.9,11.04,42.04,354.18,330.89,324.24,nan,0.11,33.28,12.96,87.51,2.57,1.97,5.97,0.29,6.41,1237.91,23.54,1.04,0.565891473
KGJI,2015,5.266666667,72482.854,3.83,3,2.79,2.56,1.77,8.23,6.33,-9.7,-55.05,-54.45,-54.17,nan,5.28,73.73,36.5,43.44,2.02,0.12,0.12,0.39,5.09,940.12,11.04,2.56,0.767123288
KGJI,2014,6.175,69710.435,6.88,5.92,5.79,3.61,1.21,20.01,16.14,-6.92,46.21,67.02,63.64,nan,3.23,74.93,15.99,17.17,4.69,0.13,0.01,0.17,1.15,2138.57,28.26,3.61,-0.179775281
KGJI,2013,7.358333333,66766.067,3.95,3.41,3.32,5.02,1.4,15.06,13.13,29.94,-0.33,-13.25,-26.67,nan,0.01,85.36,18.99,28.63,4.49,1.07,0.14,0.19,0.79,1942.49,106.38,5.02,-0.470238095
KGJI,2012,8.075,64621.02,5.56,4.92,4.87,5.93,1.07,22.65,21.91,16.07,20.51,24.73,15.38,nan,0.02,92.86,6.51,6.51,14.27,0.91,nan,0.32,0.49,1152.07,74.37,5.93,0.460869565
TAX,2016,4.866666667,74497.901,92.14,-27,-39.49,0.27,1.94,-15.81,-5.56,nan,nan,nan,nan,nan,nan,9.61,12.44,48.66,0.77,0.68,0.51,51.58,1787.55,7.08,31.53,0.27,-0.179104478
TAX,2015,5.266666667,72482.854,93.45,-56.2,-69.42,0.12,1.84,-14.16,-5.94,nan,nan,nan,nan,nan,7.49,8.11,7.04,45.8,1.15,0.78,0.51,138.44,191.7,2.64,191.77,0.12,-0.437683592
TAX,2012,8.075,64621.02,nan,nan,nan,2.57,10.08,107.39,30.09,1.57,nan,nan,nan,nan,nan,69.56,65.08,90.02,1.08,0.42,2.2,26.55,47.88,13.75,16.19,2.57,0.763425254
LLNW,2016,4.866666667,74497.901,42.41,-43.05,-43.58,0.78,1.51,-44.05,-43.39,-1.57,nan,nan,nan,nan,5.68,47.41,20.16,33.9,2.35,2.27,nan,58.81,33.77,6.21,5.06,0.78,0.75
LLNW,2015,5.266666667,72482.854,39.86,-15.05,-13.86,0.73,1.14,-11.68,-11.75,5.33,nan,nan,nan,nan,14.46,48.59,10.44,12.2,4.65,4.24,0.01,42.14,28.77,8.66,4.97,0.73,0.726027397
LLNW,2014,6.175,69710.435,39.08,-16.47,-15.19,0.64,1.14,-10.94,-11.02,-6.44,nan,nan,nan,nan,11.45,52.06,10.54,12.09,4.94,4.56,nan,38.36,23.15,9.52,4.95,0.64,-0.472924188
LLNW,2013,7.358333333,66766.067,35.58,-22.76,-19.94,0.61,1.13,-14.03,-14.05,-3.77,nan,nan,nan,nan,10.71,55.37,9.42,11.54,5.88,5.55,nan,50.54,19.93,7.22,4.68,0.61,0.398989899
LLNW,2012,8.075,64621.02,37.18,-21.39,-16.4,0.55,1.14,-11.42,-11.36,5.22,nan,nan,nan,nan,10.2,54.9,9.94,12.35,5.52,5.12,nan,55.33,22.09,6.6,3.69,0.55,-0.108108108
LQDT,2016,4.866666667,74497.901,54.77,-4.77,-10.4,1.15,1.6,-31.66,-31.66,-20.31,nan,nan,nan,nan,1.94,71.09,32.87,37.48,2.16,1.71,nan,9.54,24.52,38.24,22.82,1.15,-0.535885167
LQDT,2015,5.266666667,72482.854,58.2,2.81,-36.36,1.1,1.34,-39.33,-39.33,-19.88,-65.15,nan,nan,nan,1.88,65.3,23.97,25.13,2.72,1.95,nan,12.81,28.03,28.49,30.98,1.1,0.607692308
LQDT,2014,6.175,69710.435,57.3,6.46,10.1,1.16,1.36,9.62,9.62,-2.02,-56.64,-26.07,-23.02,nan,1.55,42.78,24.73,26.58,1.73,0.79,nan,16.84,28.05,21.67,43.74,1.16,-0.204406365
LQDT,2013,7.358333333,66766.067,60.56,14.6,13.57,1.23,1.34,14.55,14.55,6.43,-11.91,-14.89,-14.29,nan,3.99,39.03,20.22,25.27,1.93,1.4,nan,14.53,24.28,25.12,48.72,1.23,-0.63945278
LQDT,2012,8.075,64621.02,58.32,17.64,16.82,1.51,1.6,23.48,20.04,45.19,90.46,467.39,406.9,nan,16.53,40.6,27.32,37.56,1.49,1.11,0.13,8.55,17.12,42.68,54.56,1.51,-0.445423397
MARA,2016,4.866666667,74497.901,nan,nan,nan,nan,1.41,-2.95,-3.28,nan,16.72,nan,-48.28,nan,nan,32.28,29.12,29.12,1.11,1.11,nan,nan,nan,nan,nan,nan,-0.404069767
MARA,2014,6.175,69710.435,nan,nan,nan,nan,1.01,4.8,4.54,nan,nan,-66.09,-60.7,nan,nan,88.05,1.1,1.1,80.39,80.39,nan,nan,nan,nan,nan,nan,-0.809976247
MCHX,2016,4.866666667,74497.901,40.59,-15.38,-64.85,0.78,1.13,-55.91,-55.88,-9.42,nan,nan,nan,nan,0.77,97.06,11.59,11.69,8.37,8.27,nan,61.34,38.58,5.95,27.76,0.78,0.218867925
MCHX,2015,5.266666667,72482.854,44.92,-1.25,-0.4,0.74,1.09,15.53,15.56,-21.7,nan,nan,nan,-54.61,2.91,66.19,8.23,8.55,8.04,7.94,nan,64.52,53.81,5.66,25.52,0.74,-0.318766067
MCHX,2014,6.175,69710.435,35.91,-0.17,-0.16,1.07,1.16,-13.21,-13.18,19.73,nan,nan,nan,82.07,2.01,60.47,12.95,13.57,4.67,4.53,nan,55.9,47.29,6.53,33.61,1.07,-0.152505447
MCHX,2013,7.358333333,66766.067,40.01,-0.83,-1.45,0.98,1.2,1.41,1.44,10.3,nan,nan,nan,-38.46,2.16,40.07,15.6,16.89,2.57,2.41,nan,66.99,56.23,5.45,26.66,0.98,-0.469364162
MCHX,2012,8.075,64621.02,42.83,-5.23,-13.32,0.75,1.21,-25.43,-25.24,-5.74,nan,nan,nan,33,2.26,30.63,16.09,17.57,1.9,1.76,nan,74.72,57.23,4.89,22.69,0.75,1.104622871
MXWL,2016,4.866666667,74497.901,27.19,-19.96,-16.13,0.78,1.4,-21.55,-21.53,-27.56,nan,nan,nan,nan,4.91,58.53,20.83,28.43,2.81,1.56,nan,95.75,73.19,3.81,4.15,0.78,0.125
MXWL,2015,5.266666667,72482.854,30.45,-8.66,-10.59,0.93,1.44,-18.15,-17.06,-10.3,nan,nan,nan,nan,2.48,63.72,25.44,30.72,2.5,1.54,nan,94.72,54.61,3.85,4.68,0.93,-0.282913165
MXWL,2014,6.175,69710.435,36.68,-0.48,-1.03,0.99,1.47,-4.7,-4.31,-3.59,nan,nan,nan,nan,3.74,62.01,28.79,31.97,2.15,1.27,nan,71.96,43.1,5.07,4.43,0.99,-0.217105263
MXWL,2013,7.358333333,66766.067,38.9,4.76,4.39,1.06,1.36,4.78,4.49,21.52,-11.76,-11.63,-12,nan,8.71,56.59,23.28,26.24,2.43,1.37,nan,59.68,46.49,6.12,4.77,1.06,0.173745174
MXWL,2012,8.075,64621.02,40.85,6.09,5.98,0.96,1.41,6.29,5.9,1.24,443.8,744.99,733.33,nan,9.54,60.64,27.79,29.21,2.18,1.27,nan,79.7,58.21,4.58,4.92,0.96,-0.063855422
MELI,2016,4.866666667,74497.901,63.58,23.07,21.95,0.71,3.19,35.5,18.74,29.55,25.32,28.9,28.75,nan,9.16,63.58,42.17,68.64,1.51,1.47,0.7,11.64,88.89,31.35,8.2,0.71,1.015242731
MELI,2015,5.266666667,72482.854,67.01,23.85,23.09,0.66,2.96,30.43,16.57,17.12,-8.56,45.75,47.24,-273,9.86,55.55,32.39,66.18,1.72,1.65,0.87,21.02,89.52,17.36,7.53,0.66,0.365576351
MELI,2014,6.175,69710.435,71.43,30.54,21.88,0.71,2.72,20.76,14.05,17.76,10.7,-38.23,-38.72,nan,6.34,55.1,30.27,63.2,1.82,1.76,0.79,23.79,88.93,15.34,4.99,0.71,-0.104409807
MELI,2013,7.358333333,66766.067,72.48,32.49,34.51,0.88,1.72,37.11,34.35,26.5,18.42,16.06,15.65,nan,24.17,55.06,37.84,42.01,1.46,1.35,0.01,17.65,58.2,20.67,5.59,0.88,0.184432693
MELI,2012,8.075,64621.02,73.75,34.7,37.53,0.9,1.65,39.78,36.43,24.98,29.95,31.87,32.95,nan,4.86,57.53,35.42,39.45,1.62,1.54,nan,29.56,50.19,12.35,10.89,0.9,0.372246976
MGI,2016,4.866666667,74497.901,38.91,11.73,9.81,0.4,2.16,7.39,5.61,20.96,-1.23,-5.99,-4.8,-34.44,9.71,20.43,14.31,53.77,1.43,0.77,0.48,54.96,50.68,6.64,6.35,0.4,0.116003387
MGI,2015,5.266666667,72482.854,39.46,14.36,12.76,0.39,2.08,8.43,6.5,6.02,0.17,2.88,5.53,36.38,10.91,20.47,10.86,51.96,1.89,0.98,0.55,55.2,53.51,6.61,6.08,0.39,0.883572568
MGI,2014,6.175,69710.435,39.76,15.2,13.45,0.4,1.84,8.39,7.05,-5.11,-21.35,-23.81,-24.91,35.89,10.86,19.5,12.9,45.71,1.51,0.83,0.29,56.02,49.82,6.52,6.26,0.4,-0.310231023
MGI,2013,7.358333333,66766.067,40.08,18.34,16.45,0.42,1.82,11.67,9.54,1.96,-7.2,-4.52,-5.86,-60.61,10.79,20.04,11.21,45.12,1.79,1.02,0.32,61.17,46.47,5.97,6.85,0.42,-0.562560154
MGI,2012,8.075,64621.02,42.14,20.01,17.52,0.4,2.04,13.16,10.07,10.34,15,31.58,28.99,50.11,3.95,18.16,15.13,50.95,1.2,0.69,0.32,64.46,51.86,5.66,6.95,0.4,0.56358164
LABL,2016,4.866666667,74497.901,20.86,10.84,7.67,0.87,3.18,15.19,8.27,7.41,-3.51,4.43,4.06,-17.11,4.01,23.21,12.79,68.45,1.82,1.25,1.51,51.56,38.45,7.08,4.23,0.87,-0.035438144
LABL,2015,5.266666667,72482.854,21.37,12.07,8.74,0.86,3.2,15.57,8.23,14.77,32.97,61.98,59.41,54.86,3.6,22.43,11.65,68.79,1.93,1.25,1.57,51.77,37.68,7.05,4.22,0.86,0.297441899
LABL,2014,6.175,69710.435,18.69,10.42,6.26,0.78,3.24,9.86,5.79,7.07,1.89,-6.85,-8.6,22.34,4.3,22.13,16.22,69.13,1.36,0.87,1.46,57.33,41.68,6.37,3.79,0.78,0.07921328
LABL,2013,7.358333333,66766.067,19.15,10.72,7.38,0.8,3.05,11.48,6.62,29.31,54.57,53.81,40.91,22.73,4.34,22.7,14.58,67.24,1.56,1,1.38,55.09,40.27,6.63,3.75,0.8,0.468468468
LABL,2012,8.075,64621.02,19.26,8.93,6.1,0.84,3.2,8.86,5.99,50.83,34.28,7,-5.71,39.56,4.51,20.64,16.33,68.75,1.26,0.84,1.49,53.92,38.84,6.77,3.63,0.84,0.573155481
NTES,2016,4.866666667,74497.901,56.74,33.08,36.4,0.77,1.52,34.42,30.32,67.43,73.66,72.3,72.06,103.63,2.99,86.02,33.82,33.88,2.56,1.11,nan,32.82,26.8,11.12,16.92,0.77,0.543592038
NTES,2015,5.266666667,72482.854,58.78,31.89,35.57,0.64,1.41,25.59,21.88,94.68,52.61,41.59,40.69,34.1,4.52,83.6,28.41,28.81,2.95,1.2,nan,27.91,24.6,13.08,13.52,0.64,0.233447363
NTES,2014,6.175,69710.435,72.15,40.68,46.6,0.43,1.3,21.8,18.12,27.37,9.48,7.04,6.62,4.76,5.28,91.36,22.23,23.02,4.1,0.78,nan,19.88,35.25,18.36,10.88,0.43,0.828121848
NTES,2013,7.358333333,66766.067,73.05,47.33,54.11,0.42,1.21,24.74,20.9,12.14,17.27,22.17,22.52,23.99,2.39,92.88,17.19,17.78,5.39,4.58,nan,13.34,27.76,27.37,10.9,0.42,0.261323155
NTES,2012,8.075,64621.02,68.56,45.26,52.17,0.47,1.23,25.25,22.53,12.49,11.68,12.47,12.12,11.68,2.18,92.69,18.48,18.99,5,4.48,nan,11.12,20.67,32.83,9.86,0.47,0.848107218
OMNT,2016,4.866666667,74497.901,32.61,-38.38,-38.58,0.95,32.37,nan,nan,260.64,-15.95,nan,-62.5,nan,3.9,45.08,96.01,96.01,0.61,0.26,nan,15.45,21.65,23.62,15.86,0.95,-0.058333333
OMNT,2015,5.266666667,72482.854,38.83,-59.8,-58.38,1.08,nan,nan,nan,-16.88,nan,nan,nan,nan,4.12,90.39,134.7,134.7,0.67,0.35,nan,10.87,45.97,33.57,9.85,1.08,-0.345454545
OMNT,2014,6.175,69710.435,38.46,-53.57,-57.47,2.07,nan,nan,nan,375.33,nan,nan,nan,nan,2.96,85.98,182.67,182.67,0.47,0.2,nan,7.9,42.94,46.21,14.23,2.07,-0.52173913
OMNT,2013,7.358333333,66766.067,47.67,-154.19,-155.02,0.6,nan,nan,nan,-73.38,nan,nan,nan,nan,0.31,84.43,229.77,229.77,0.37,0.12,nan,23.44,293.43,15.57,2.09,0.6,2.285714286
OMNT,2012,8.075,64621.02,90.64,19.79,7.53,1.21,nan,nan,nan,-6.04,nan,nan,nan,nan,2.76,46.41,75.32,318.94,0.62,0.06,nan,3.52,364.21,103.72,4.06,1.21,-0.708333333
PYPL,2016,4.866666667,74497.901,nan,14.63,15.04,0.35,2.25,9.84,9.84,17.24,77.2,14.09,15,nan,6.17,77.74,50.99,55.56,1.52,1.48,nan,5.91,nan,61.78,7.67,0.35,0.865214087
PYPL,2015,5.266666667,72482.854,nan,16.32,16.09,0.36,2.1,11.16,11.16,15.24,19.01,193.08,222.58,556,7.81,71.49,47.15,52.36,1.52,1.47,nan,3.99,nan,91.56,8.16,0.36,0.090331492
PFSW,2016,4.866666667,74497.901,21.95,-0.85,-1.54,1.66,5.25,-17.92,-8.41,16.09,nan,nan,nan,-73.96,2.6,59.4,50.62,80.94,1.17,1.04,1.3,82.31,77.51,4.43,12.31,1.66,-0.125882353
PFSW,2015,5.266666667,72482.854,21.39,-1.6,-2.21,1.74,4.37,-18.75,-12.08,16.69,nan,nan,nan,121.37,1.56,60.84,54.34,77.12,1.12,0.97,0.74,82.19,72.5,4.44,11.37,1.74,-0.33954934
PFSW,2014,6.175,69710.435,17.73,-1.56,-1.89,1.81,3.51,-11.42,-8.98,2.25,nan,nan,nan,nan,2.2,71.8,59.16,71.51,1.21,1,0.1,84.52,65.49,4.32,9.19,1.81,0.016587678
PFSW,2013,7.358333333,66766.067,17.2,-1.93,-2.22,1.82,3.23,-17.08,-11.53,-14.19,nan,nan,nan,nan,3.3,77.22,57.22,69,1.35,1.1,0.07,76.27,68.05,4.79,8.77,1.82,0.395810364
PFSW,2012,8.075,64621.02,14.47,0.04,-0.31,2.09,4.76,-5.38,-2.86,-5.76,nan,nan,nan,nan,5.23,76.62,65.11,78.98,1.18,0.84,0.19,63.76,67.47,5.72,13.14,2.09,2.18245614
PCOM,2016,4.866666667,74497.901,13.41,1.57,0.01,3.17,2.56,-3.67,-4.04,8.55,54.74,nan,nan,-63.41,0.96,70.73,60.04,60.95,1.17,1.15,nan,4,7.96,91.3,200.01,3.17,0.346858639
PCOM,2015,5.266666667,72482.854,14.37,4.48,2.58,3.2,2.37,12.38,12.23,16.24,8.79,10.27,10,nan,1.17,63.24,57.23,57.77,1.11,1.07,nan,3.26,8.68,111.95,178.37,3.2,-0.203336809
PCOM,2014,6.175,69710.435,15.52,2.67,2.66,2.83,2.06,12.7,12.52,25.99,66.58,29.89,30.43,nan,1.04,57.1,51.23,51.54,1.11,1.05,nan,2.65,9.36,137.56,129.13,2.83,-0.250195465
PCOM,2013,7.358333333,66766.067,16.33,2.02,2.11,2.33,2.92,11.95,11.78,45.05,17.02,-56.35,-57.41,71.6,1.07,82.59,65.28,65.74,1.27,1.2,nan,2.99,10.2,122.13,94.12,2.33,-0.49665486
PCOM,2012,8.075,64621.02,20.45,2.51,2.5,1.95,2.83,35.26,35.13,13.48,1.72,104.91,107.69,124.39,1.22,81.27,63.72,64.66,1.28,1.14,nan,5.66,13.37,64.53,71.18,1.95,1.280969479
POLA,2016,4.866666667,74497.901,44.65,32.47,31.86,1.45,1.13,33.99,32.31,233.03,2315.43,nan,nan,nan,0.72,96.38,10.29,11.18,9.37,7.54,0.01,47.23,12.18,7.73,35.61,1.45,-0.440223464
QIWI,2016,4.866666667,74497.901,51.64,28.05,17.38,0.44,1.99,11.68,11.78,0.92,3.1,-52.31,-54.42,nan,3.84,68.63,47.54,49.69,1.44,1.4,nan,76.97,64.02,4.74,37.29,0.44,0.357086922
QIWI,2015,5.266666667,72482.854,50.92,27.45,34.72,0.49,1.85,33.47,33.99,20.37,21.3,3.25,-3.49,nan,1.75,64.98,43.31,46.05,1.5,1.28,nan,35.23,28.42,10.36,47.51,0.49,-0.288579387
QIWI,2014,6.175,69710.435,50.58,27.25,39.83,0.58,3.5,88.36,87.77,26.17,57.34,168.21,159.75,-248,3.48,83.73,71.4,71.69,1.16,1.13,nan,27.37,54.79,13.33,42.82,0.58,-0.110946013
QIWI,2013,7.358333333,66766.067,45.17,21.24,20.96,0.59,7.38,70.07,68.03,37.7,142.79,105.82,nan,nan,3.22,79.08,85.52,86.52,0.92,0.91,0.04,66.17,36.36,5.52,56.47,0.59,-0.639464286
QTRH,2016,4.866666667,74497.901,67.84,20.43,21.13,0.32,1.16,4.55,3.97,-9.7,-15.92,10.12,12.5,404.26,10.45,45.71,9.19,13.72,4.97,4.92,0.05,56.58,6.35,6.45,65.08,0.32,0.128834356
QTRH,2015,5.266666667,72482.854,31.55,21.94,16.49,0.34,1.21,4.12,3.58,4.62,1.96,3.35,nan,-64.47,37.09,35.67,10.67,17.68,3.34,3.29,0.08,18.87,9.95,19.34,58.64,0.34,0.234848485
QTRH,2014,6.175,69710.435,35.71,22.51,20.98,0.3,1.27,3.89,3.26,11.45,nan,nan,nan,nan,44.23,41.62,11.6,21.53,3.59,3.57,0.11,26.35,19.77,13.85,48.51,0.3,-0.558528428
QTRH,2013,7.358333333,66766.067,-0.5,-18.55,-20.6,0.26,1.33,-6.64,-6,0.28,nan,nan,nan,nan,13.67,42.84,13.19,24.94,3.25,3.23,0.13,27.18,26.6,13.43,51.42,0.26,-0.112759644
QTRH,2012,8.075,64621.02,36.41,12.42,-17.76,0.19,1.13,-4.66,-3.18,-16.87,-78.47,nan,nan,-76.98,29.36,53.91,7.54,11.65,7.15,7.13,0.01,6.83,33.12,53.44,57.85,0.19,-0.257709251
QNST,2016,4.866666667,74497.901,8.98,-6.34,-6.48,1.5,1.55,-14.92,-13.72,5.52,nan,nan,nan,nan,1.79,55.92,33,35.4,1.69,1.64,nan,57.29,27.1,6.37,36.66,1.5,1.228723404
QNST,2015,5.266666667,72482.854,10.68,-6.8,-7.18,1.17,1.51,-14.25,-8.74,-0.14,nan,nan,nan,-94.15,2.02,57.7,23.8,33.91,2.42,2.19,0.11,57.06,28.92,6.4,28.66,1.17,-0.123543124
QNST,2014,6.175,69710.435,14.38,-4.37,-39,0.8,1.91,-69.05,-48.46,-7.39,nan,nan,nan,-83.29,3.81,63.81,23.93,47.57,2.67,2.49,0.41,51.91,28.85,7.03,27.13,0.8,-0.29324547
QNST,2013,7.358333333,66766.067,17.54,1.16,-30.8,0.65,1.54,-21.83,-15.59,-17.64,-87.61,nan,nan,5.73,2.09,41.38,15.53,35.07,2.67,2.49,0.28,54.56,30.17,6.69,33.05,0.65,-0.301495972
QNST,2012,8.075,64621.02,23.48,7.69,6.51,0.72,1.5,3.75,3.49,-8.08,-41.94,-52.23,-49.09,-39.3,1.25,34.22,13.86,33.28,2.46,2.25,0.27,49.78,29.73,7.33,42.03,0.72,0.293154762
RRD,2016,4.866666667,74497.901,20.15,3.98,-7.28,1.19,nan,-171.89,-9.46,-38.74,-61.72,nan,nan,nan,2.52,58.74,36.32,102.47,1.62,1.29,nan,88.79,76.83,4.11,6.57,1.19,-0.430147059
RRD,2015,5.266666667,72482.854,20.42,4.36,-0.16,1.51,10.66,23.67,7.6,-2.99,9.3,28.71,23.73,-10.96,3.02,42.61,32.17,90.6,1.32,1.02,4.67,65.4,54.36,5.58,7.6,1.51,0.108695652
RRD,2014,6.175,69710.435,20.55,3.99,-1.35,1.56,12.87,19.16,8.01,10.72,-8.92,-44.41,-48.7,4.37,3.12,44.16,31.1,92.2,1.43,1.08,5.77,60.81,49.18,6,7.88,1.56,-0.124330756
RRD,2013,7.358333333,66766.067,22.24,6.81,1.99,1.45,11.46,61.7,11.55,2.53,-4.74,nan,nan,-1.6,2.07,49.21,30.88,91.24,1.6,1.28,5.68,64.62,52.7,5.65,6.88,1.45,-0.171104536
RRD,2012,8.075,64621.02,22.82,7.32,-6.26,1.32,137.55,-118.92,-9.88,-3.67,2.14,nan,nan,-30.11,2.01,41,28.34,99.27,1.45,1.12,64.78,66.47,52.6,5.49,5.89,1.32,1.255839822
RDWR,2016,4.866666667,74497.901,81.84,-6.49,-3.56,0.46,1.44,-2.8,-3.95,-9.23,nan,nan,nan,14.64,4.78,61.99,19.81,30.34,3.13,1.4,nan,42.53,77.85,8.58,7.48,0.46,0.405797101
RDWR,2015,5.266666667,72482.854,82.36,8.31,11.02,0.5,1.35,5.69,6.3,-2.4,-28.23,-25.58,-24.53,-38.62,6.36,41.41,17.97,25.94,2.31,0.98,nan,43.86,91.12,8.32,9.26,0.5,-0.100391134
RDWR,2014,6.175,69710.435,82.09,11.3,13.92,0.53,1.33,7.95,7.95,14.97,42.75,38.19,35.9,92.29,4.89,34.99,17.12,24.67,2.04,1.32,nan,41.57,85.5,8.78,11.64,0.53,-0.303360581
RDWR,2013,7.358333333,66766.067,80.97,9.1,11.43,0.52,1.32,6.39,5.83,2.02,-43.18,-43.15,-42.65,-49.06,4.51,46.37,17.16,24.34,2.7,2.39,nan,40.96,92.97,8.91,12.41,0.52,0.224694105
RDWR,2012,8.075,64621.02,81.12,16.35,18.88,0.58,1.32,12.95,12.13,13.26,67.81,48.84,46.24,16.35,4.94,34.43,18.6,24.16,1.85,1.6,nan,29.88,76.71,12.22,15.33,0.58,0.08969697
REIS,2016,4.866666667,74497.901,76.86,10.14,9.96,0.36,1.32,2.8,2.85,-6.6,-60.26,-73.02,-72.73,-86.29,28.04,25.77,22.68,24.16,1.14,1.11,nan,94.01,nan,3.88,15.67,0.36,-0.071910112
REIS,2015,5.266666667,72482.854,82.15,23.84,23.73,0.4,1.31,10.43,10.46,23.12,60.67,154.63,158.82,70.5,12.16,32.49,23.53,23.74,1.38,1.35,nan,94.56,nan,3.86,61.49,0.4,-0.06236831
REIS,2014,6.175,69710.435,80.56,18.26,18.04,0.34,1.28,4.28,4.34,19.05,72.89,-77,-77.92,52.47,10.17,28.05,22.08,22.42,1.27,1.11,nan,106.02,nan,3.44,48.51,0.34,-0.09323653
REIS,2013,7.358333333,66766.067,79.91,12.58,12.28,0.32,1.27,21.02,21.1,11.18,62.34,nan,nan,nan,12.96,21.18,20.76,21.21,1.02,0.9,nan,116.06,nan,3.15,43.62,0.32,0.360894436
REIS,2012,8.075,64621.02,78.81,8.61,8.28,0.3,1.31,-5.63,-5.55,14.89,173.62,nan,nan,nan,12.93,17.66,23.35,23.95,0.76,0.68,nan,112.74,nan,3.24,38.99,0.3,0.475825019
REFR,2016,4.866666667,74497.901,-230.59,-345.28,-342.89,0.17,1.08,-60.63,-60.63,-38.43,nan,nan,nan,nan,0.95,87.01,7,7,12.43,11.73,nan,359.04,3.42,1.02,1.66,0.17,-0.428571429
REFR,2015,5.266666667,72482.854,-136.22,-215.35,-213.2,0.18,1.05,-40.46,-40.46,25.56,nan,nan,nan,nan,15.75,90.89,4.91,4.91,18.53,18.24,nan,226.36,7.93,1.61,2.68,0.18,-0.650671785
REFR,2014,6.175,69710.435,-176.82,-278.26,-276.06,0.13,1.04,-36.85,-36.85,-26.03,nan,nan,nan,nan,39.26,82.51,3.84,3.84,21.47,21.23,nan,233.13,8.9,1.57,4.41,0.13,0.017578125
REFR,2013,7.358333333,66766.067,-179.31,-281.25,-279.48,0.16,1.01,-44.89,-44.89,10.42,nan,nan,nan,nan,2.34,99.28,1.35,1.35,73.59,72.76,nan,131.34,4.03,2.77,35.03,0.16,-0.114186851
REFR,2012,8.075,64621.02,-109.55,-194.97,-193.27,0.21,1.02,-33.52,-33.82,131.37,nan,nan,nan,nan,0.59,99.43,1.68,1.68,59.13,58.3,nan,95.32,7.69,3.83,27.67,0.21,0.545454545
RECN,2016,4.866666667,74497.901,38.79,8.99,9.02,1.43,1.23,8.91,8.88,1.34,7.05,10.67,12.5,22.1,0.4,53.77,16.79,18.85,3.2,3.02,nan,59.27,nan,6.16,27.66,1.43,-0.197402597
RECN,2015,5.266666667,72482.854,38.67,8.51,8.53,1.41,1.22,8.02,7.99,4.13,32.35,38.33,41.18,3.87,0.4,53.17,16.53,18.35,3.22,3.03,nan,57.76,nan,6.32,26.15,1.41,0.178090575
RECN,2014,6.175,69710.435,38.05,6.7,6.73,1.35,1.21,5.7,5.67,1.95,-4.35,-3.01,2,-11.06,0.66,51.77,15.99,17.69,3.24,3.05,nan,56.16,nan,6.5,25.64,1.35,-0.00668693
RECN,2013,7.358333333,66766.067,38.52,7.14,7.17,1.31,1.19,5.71,5.68,-2.7,-45.68,-50.16,-46.81,-5.28,0.57,52,14.69,15.64,3.54,3.33,nan,55.24,nan,6.61,25.44,1.31,0.147941382
RECN,2012,8.075,64621.02,38.34,6.85,12.83,1.26,1.18,11.14,11.1,4.81,185.52,65.53,77.36,51.2,0.49,52.99,14.31,15.06,3.7,3.46,nan,54.69,nan,6.67,23.32,1.26,0.201173512
RMNI,2016,4.866666667,74497.901,58.14,23.87,-7.12,nan,34.65,-57.22,-66.93,nan,nan,nan,nan,nan,nan,0.13,0.4,97.11,0.31,nan,nan,nan,nan,nan,nan,nan,-0.201816347
RMNI,2015,5.266666667,72482.854,55.34,-2.82,-37.08,0.68,34.71,-905.38,-889.56,nan,nan,nan,nan,nan,1.48,0.56,3.49,97.12,0.16,0.16,nan,nan,nan,nan,nan,0.68,0.031217482
RMGN,2016,4.866666667,74497.901,57.05,-13.17,-13.88,1.49,3.85,-65.78,-56.71,-1.49,nan,nan,nan,nan,0.32,64.91,64.3,74.01,1.01,0.89,nan,105.15,65.79,3.47,11.22,1.49,-0.715277778
RMGN,2015,5.266666667,72482.854,58.83,-12.26,-11.61,1.31,2.77,-46.73,-43.19,-7.39,nan,nan,nan,nan,0.93,61.35,54.57,63.85,1.12,1.02,nan,101.96,74.4,3.58,9.34,1.31,-0.04
RMGN,2014,6.175,69710.435,55.52,-24.01,-24.52,1.17,2.88,-364.27,-324.03,-29.38,nan,nan,nan,nan,0.94,53.98,53.3,65.24,1.01,0.87,nan,118.55,78.59,3.08,8.1,1.17,-0.4
RMGN,2013,7.358333333,66766.067,40.94,-52.67,-122.81,0.77,nan,-238.25,-173.23,nan,nan,nan,nan,nan,5.74,54.26,62.51,109.77,0.86,0.76,nan,122.15,63.24,2.99,12.45,0.77,-0.742798354
RPXC,2016,4.866666667,74497.901,40.78,10.62,9.7,0.47,1.55,3.68,3.35,14.12,-46.05,-53.74,-49.3,74.87,36.15,35.42,19.97,35.5,1.77,1.74,0.19,42.9,3.85,8.51,57.03,0.47,0.244444444
RPXC,2015,5.266666667,72482.854,49,22.47,22.44,0.45,1.28,7.87,7.87,12.55,3.76,0.21,-1.39,-27.86,46.25,53.64,19.68,21.57,2.73,2.62,nan,24.2,1.46,15.09,65.71,0.45,-0.018181818
RPXC,2014,6.175,69710.435,52.02,24.38,24.79,0.42,1.32,8.65,8.65,9.19,-1.54,-3.54,-5.26,-35.76,53.4,54.63,23.12,24.46,2.36,2.31,nan,44.52,0.83,8.2,58.82,0.42,-0.201741655
RPXC,2013,7.358333333,66766.067,53.36,27.03,27.07,0.44,1.39,10.39,10.39,20.14,3.94,4.69,2.7,3614.18,54.73,58.41,24.3,27.83,2.4,2.3,nan,48.89,1.48,7.47,60.81,0.44,-0.184615385
RPXC,2012,8.075,64621.02,58.36,31.25,31.4,0.42,1.37,11.82,11.82,28.33,34.06,33.73,29.82,-87.01,45.1,54.97,22.54,27.07,2.44,2.32,nan,38.13,3.08,9.57,72.4,0.42,0.869469027
SREV,2016,4.866666667,74497.901,34.73,-6.13,-11.35,0.81,2.41,-23.19,-11.89,0.27,nan,nan,nan,nan,10.41,83.79,12.38,58.53,6.77,6.57,1.06,86.49,3.3,4.22,7.89,0.81,-0.474489796
SREV,2015,5.266666667,72482.854,32.05,-10.32,-15.47,0.76,2.13,-25.15,-14.16,-7.34,nan,nan,nan,nan,4.75,85.59,11.61,53.04,7.37,7.15,0.85,91.7,4.25,3.98,9.78,0.76,0.275488069
SREV,2014,6.175,69710.435,28.72,-20.36,-34.85,0.74,1.98,-46.2,-29.4,-0.11,nan,nan,nan,nan,3.44,86.14,12.7,49.6,6.78,6.61,0.71,96.07,6.14,3.8,10.15,0.74,-0.014957265
SREV,2013,7.358333333,66766.067,40.38,-6.44,-8.07,0.87,1.66,-10.69,-7.09,11.81,nan,nan,nan,nan,1.93,88.75,9.94,39.82,8.93,8.76,0.47,92.66,7.75,3.94,8.72,0.87,-0.441527446
SREV,2012,8.075,64621.02,44.06,-4.08,-4.39,1.05,1.2,-22.3,-22.07,18.59,nan,nan,nan,nan,8.35,80.3,13.73,16.73,5.85,5.67,nan,89.36,15.94,4.08,7.94,1.05,0.432478632
SFLY,2016,4.866666667,74497.901,50.09,4.33,2.34,0.94,2.14,2.73,3.2,7.06,168.87,nan,nan,17.39,7.91,36.2,18.45,53.23,1.96,1.74,0.59,18.12,30.34,20.15,4.01,0.94,-0.008569151
SFLY,2015,5.266666667,72482.854,50.15,1.72,-0.19,0.83,1.99,-0.12,1.14,14.96,192.47,nan,nan,18.95,7.24,34.22,17.52,49.85,1.95,1.73,0.51,14.87,22.6,24.54,4.05,0.83,0.126122083
SFLY,2014,6.175,69710.435,50.88,0.68,-1.08,0.71,1.76,-1.02,0.47,17.6,-71.69,nan,nan,7.78,10,41.22,14.79,43.12,2.79,2.42,0.38,10.45,25.7,34.94,4.64,0.71,0.068585132
SFLY,2013,7.358333333,66766.067,52.84,2.81,1.65,0.74,1.61,1.26,1.61,22.32,-45.82,-59.63,-60.66,-29.89,10,45.69,13.05,37.76,3.5,3.15,0.3,8.2,32.17,44.51,6.31,0.74,-0.181229138
SFLY,2012,8.075,64621.02,53.97,6.36,6.27,0.81,1.25,3.54,3.59,35.36,164.52,63.71,52.5,227.19,8.28,33.14,15.93,20.09,2.08,1.88,nan,7.57,25.36,48.22,8.73,0.81,0.705055239
SSNT,2016,4.866666667,74497.901,37.3,3.71,3.55,3.56,2.14,105.29,76.78,23.44,254.22,818.07,755.56,2092.51,1.46,49.46,47.94,53.37,1.03,0.9,0.11,26.63,29.14,13.71,76.55,3.56,0.41
SSNT,2015,5.266666667,72482.854,39.23,1.29,1.57,4.08,5.45,47.68,20.82,28.78,-23.98,94.04,76.47,-92.95,0.24,57.69,65.65,81.65,0.88,0.79,0.7,30.2,32.45,12.08,76.74,4.08,0.094890511
SITO,2016,4.866666667,74497.901,52.82,-6.22,-10.91,0.98,1.77,-8.22,1.14,64.07,nan,nan,nan,nan,5.07,61.99,30.25,43.37,2.05,1.93,0.23,109.68,87.44,3.32,71.65,0.98,0.821138211
SITO,2015,5.266666667,72482.854,59.79,-12.46,-28.64,1.1,3.5,-113.63,-25.96,60.15,nan,nan,nan,nan,23.27,35.39,40.8,71.43,0.87,0.83,1.07,77.44,114.56,4.71,37.34,1.1,0.774038462
SITO,2014,6.175,69710.435,59.41,-38.1,-45.69,1.19,3.8,-238.58,-66.68,26.81,nan,nan,nan,nan,8.71,32.62,73.59,73.71,0.44,0.41,nan,70.09,152.72,5.21,41.52,1.19,-0.00952381
SITO,2013,7.358333333,66766.067,57.25,-51.11,-67.44,1.29,5.8,-516.43,-91.27,22.65,nan,nan,nan,nan,14.73,57.13,75.56,82.76,0.76,0.51,0.41,57.05,116.27,6.4,33.32,1.29,-0.611111111
SITO,2012,8.075,64621.02,54.2,-43.6,-51.29,1.36,6.13,-210.63,-54.77,38.58,nan,nan,nan,nan,10.16,60.56,25.55,83.69,2.37,2.28,3.54,57.31,122.18,6.37,23.87,1.36,-0.169230769
SGRP,2016,4.866666667,74497.901,21.99,1.64,1.64,2.67,3.16,0.94,1.06,12.61,-32.56,-80.61,-75,nan,1.16,74.71,63.99,64,1.33,1.27,nan,65.47,14.89,5.58,53.96,2.67,0.23
SGRP,2015,5.266666667,72482.854,24.53,2.74,2.76,2.71,2.32,4.76,4.08,-2.25,-0.73,-72.71,-73.33,329.96,1.32,69.37,35.21,50.41,2.27,2.18,0.31,61.96,14.18,5.89,51.66,2.71,-0.019607843
SGRP,2014,6.175,69710.435,24.87,2.7,2.81,3.1,2.38,18.91,14.05,8.99,13.26,-2.45,nan,-51.17,1.09,71.71,38.65,53.24,2.06,1.98,0.31,63.03,16.48,5.79,58.01,3.1,-0.271428571
SGRP,2013,7.358333333,66766.067,24.65,2.59,2.71,3.52,2.17,23.38,18.75,8.95,-27.53,14.33,7.14,-35.47,1.16,74.82,49.67,49.86,1.64,1.57,nan,70.33,18.27,5.19,58.79,3.52,-0.292929293
SGRP,2012,8.075,64621.02,26.77,3.98,3.97,4.05,2.28,26.42,21.11,39.77,38.89,32.34,40,-10.2,1.01,81.98,52.12,53.1,1.68,1.63,0.02,65.49,14.49,5.57,62.28,4.05,0.137931034
SPEX,2016,4.866666667,74497.901,-122.35,-442.99,-738.43,0.07,2.12,355.47,340.14,2557.58,nan,nan,nan,nan,0.46,55.81,23.68,52.84,2.36,2.31,0.01,nan,nan,nan,159.45,0.07,0.346153846
SPEX,2015,5.266666667,72482.854,nan,nan,nan,nan,1.56,-135.73,-133.99,230,nan,nan,nan,nan,6.06,28.22,32.54,36.1,0.87,0.79,0.03,nan,nan,nan,7.33,nan,-0.635087719
SPEX,2014,6.175,69710.435,100,nan,nan,nan,1.14,-59.93,-59.73,-62.96,nan,nan,nan,nan,nan,7.21,2.01,12.38,3.59,3.5,nan,nan,nan,nan,5,nan,-0.861111111
SPEX,2013,7.358333333,66766.067,88.89,nan,nan,nan,1.45,-73.09,-73.09,35.53,nan,nan,nan,nan,nan,4.69,2.15,30.85,2.18,2.08,nan,23.15,42326.25,15.77,2.25,nan,-0.866004963
SPEX,2012,8.075,64621.02,100,nan,nan,nan,5.56,-138.51,-138.64,-97.57,nan,nan,nan,nan,11.54,98.96,15.37,82.03,6.44,6.16,nan,2161.31,nan,0.17,0.35,nan,0.180087848
STCN,2016,4.866666667,74497.901,5.39,-7.16,-12.34,1.15,4.06,-53.16,-28.38,-18.28,nan,nan,nan,nan,1.73,91.67,55.82,75.37,1.64,1.33,0.68,96.43,98.57,3.78,20.4,1.15,0.109589041
STCN,2015,5.266666667,72482.854,9.7,-1.04,-2.91,1.25,3.09,-11.66,-4.3,-22.36,nan,nan,nan,nan,1.52,92.64,47.34,67.61,1.96,1.56,0.54,82.91,81.02,4.4,23.47,1.25,-0.411290323
STCN,2014,6.175,69710.435,10.33,0.22,-1.6,1.82,2.63,-9.91,-6.6,-4.12,nan,nan,nan,nan,0.62,89.84,43.97,62,2.04,1.66,0.43,67.12,60.54,5.44,24.35,1.82,-0.338666667
STCN,2013,7.358333333,66766.067,9.86,-1.82,-4.5,2.15,2.19,-25.06,-24.85,1.98,nan,nan,nan,nan,0.97,84.69,51.33,54.35,1.65,1.25,nan,70.39,59.21,5.19,20.1,2.15,-0.344405594
STCN,2012,8.075,64621.02,9.6,-3.83,-3.27,1.89,2.17,-18.67,-18.66,-15.58,nan,nan,nan,nan,1.62,82.45,50.82,53.99,1.62,1.1,nan,72.85,60.81,5.01,16.8,1.89,0.972413793
TRHC,2016,4.866666667,74497.901,30.71,4.48,-6.07,1.43,1.3,-31.14,0.76,34.3,3.95,nan,nan,-48.22,6.06,21.53,15.13,22.87,1.42,1.03,0.02,24.56,36.19,14.86,22.47,1.43,0.872496662
TTGT,2016,4.866666667,74497.901,71.66,6.37,4.71,0.61,1.45,1.74,1.36,-4.65,-44.2,-66.34,-61.9,81.82,4.14,34.07,10.55,30.88,3.23,2.9,0.27,84.04,23.6,4.34,11.75,0.61,0.631887456
TTGT,2015,5.266666667,72482.854,73.26,10.88,10.66,0.63,1.11,4.55,4.55,5.29,63.16,76.08,75,-47.36,3.31,34.74,8.45,10.04,4.11,3.46,nan,81.19,27.71,4.5,12.33,0.63,0.062266501
TTGT,2014,6.175,69710.435,73.59,7.02,6.71,0.6,1.14,2.61,2.61,20.01,nan,nan,nan,278.36,3.62,30.13,9.31,12.19,3.24,2.9,nan,77.87,35.26,4.69,11.38,0.6,-0.293755497
TTGT,2013,7.358333333,66766.067,69.34,-2.52,-2.82,0.45,1.13,-1.03,-1.03,-11.5,nan,nan,nan,-73.78,5.06,32.77,8.06,11.26,4.07,3.64,nan,95.48,37.62,3.82,9.69,0.45,0.657434402
TTGT,2012,8.075,64621.02,72.18,8.2,8.21,0.46,1.1,2.07,2.03,-5.22,-24.07,-14.18,-16.67,27.33,4.15,37.01,6.74,9.48,5.49,5.33,nan,92.09,38.37,3.96,11.93,0.46,0.236036036
JYNT,2016,4.866666667,74497.901,85.68,-55.97,-73.13,0.81,2.46,-109.94,-106.9,48.34,nan,nan,nan,nan,9.22,33.4,34.38,59.39,0.97,0.7,nan,15.69,189.47,23.26,3.46,0.81,0.968253968
JYNT,2015,5.266666667,72482.854,79.62,-67.34,-65.29,0.45,1.61,-48.46,-46.96,94.41,nan,nan,nan,nan,37.16,57.03,22.44,38.02,2.54,2.36,0.01,19.1,211.52,19.11,3.34,0.45,-0.577889447
NCTY,2016,4.866666667,74497.901,13.67,-392.61,nan,0.13,nan,nan,nan,21.09,nan,nan,nan,nan,14.83,25.09,122.97,172.79,0.15,0.12,nan,51.18,294.47,7.13,1.85,0.13,-0.488
NCTY,2015,5.266666667,72482.854,-45.96,-707.32,-735.1,0.09,nan,nan,nan,-27.79,nan,nan,nan,nan,22.93,14.36,106.14,148.95,0.18,0.16,nan,74.55,219.46,4.9,1.32,0.09,-0.603174603
NCTY,2014,6.175,69710.435,-33.46,-507.42,-194.83,0.12,5.28,-60.04,-60.04,-38.65,nan,nan,nan,nan,6.64,49.46,70.79,76.6,0.86,0.79,nan,87.86,233.15,4.15,1.48,0.12,1.032258065
NCTY,2013,7.358333333,66766.067,-2.89,-500.73,-534.99,0.13,2.1,-100.61,-100.61,-32.15,nan,nan,nan,nan,7.21,39.89,53.48,57.76,0.66,0.53,nan,60.54,210.47,6.03,1.82,0.13,-0.285714286
NCTY,2012,8.075,64621.02,55.05,-371.58,-362.5,0.11,1.42,-50.19,-50.19,45.18,nan,nan,nan,nan,22.67,59.75,27.66,31.62,2.09,1.85,nan,30.34,260.54,12.03,2.47,0.11,-0.26440678
TIVO,2016,4.866666667,74497.901,75.55,7.51,-3.76,0.24,1.74,2.22,2.35,23.34,-33.96,nan,nan,-15.86,3.52,15.28,8.51,42.5,1.8,1.62,0.51,65.87,43.96,5.54,15.57,0.24,-0.253588517
TIVO,2015,5.266666667,72482.854,80.43,14.03,1.8,0.23,2.13,-0.4,1.09,-2.96,-21.58,nan,nan,-1.43,2.15,14.14,4.24,53.14,3.33,3.18,0.93,59.18,28.61,6.17,14.58,0.23,0.254501801
TIVO,2014,6.175,69710.435,80.22,17.36,1.14,0.21,2.21,-5.77,-1.4,0.79,4.65,nan,nan,-24.3,9.48,18.51,16.52,54.76,1.12,1.04,0.73,63.23,17.89,5.77,15.37,0.21,-0.262505533
TIVO,2013,7.358333333,66766.067,82.07,16.93,4.26,0.18,2.07,-11.87,-4.27,-17.29,-19.02,nan,nan,3.06,3.55,28.33,4.05,51.62,7,5.72,0.9,71.36,11.14,5.11,16.27,0.18,0.147282885
TIVO,2012,8.075,64621.02,80.02,13.15,-2.09,0.21,2.08,-2.09,0.14,-5.82,6.73,nan,nan,-23.62,2.91,33.47,6.93,51.82,4.83,4.28,0.87,65.3,6.17,5.59,17.12,0.21,0.276085548
ULBI,2016,4.866666667,74497.901,30.45,4.56,4.34,0.99,1.25,5.23,5.61,7.89,8.13,22.31,35.29,14.06,1.48,58.43,13.34,19.88,4.37,2.1,nan,54.46,43.87,6.7,9.68,0.99,0.323232323
ULBI,2015,5.266666667,72482.854,30.51,4.55,4.12,0.9,1.23,4.15,4.47,14.94,nan,nan,nan,180.37,3.81,63.72,13.28,18.99,4.78,2.39,nan,54.27,46.35,6.73,8.1,0.9,-0.23374613
ULBI,2014,6.175,69710.435,29.1,-2.17,-2.71,0.75,1.22,-2.9,-2.66,-15.65,nan,nan,nan,-67.18,2.49,64.87,12.78,17.92,5.07,2.6,nan,70.08,54.39,5.21,6.64,0.75,1.063897764
ULBI,2013,7.358333333,66766.067,28.69,-0.79,-1.08,0.84,1.22,-1.26,-1.06,-22.45,nan,nan,nan,194.34,0.97,65.04,13.32,18.33,4.88,2.56,nan,81.37,59.77,4.49,6.97,0.84,-0.118309859
ULBI,2012,8.075,64621.02,28.26,-0.11,-0.56,1.02,1.33,-2.18,-1.79,-27.07,nan,nan,nan,-75.78,2.64,65.31,20.34,24.81,3.21,1.57,nan,73.28,62.87,4.98,8.13,1.02,0.095679012
USAT,2016,4.866666667,74497.901,28.4,-1.34,-9.59,0.98,1.64,-14.65,-12.26,33.28,nan,nan,nan,nan,0.69,38.96,33.21,35.14,1.17,0.99,0.03,22.56,71.11,16.18,6.84,0.98,1.142857143
USAT,2015,5.266666667,72482.854,28.97,-0.41,-1.38,0.8,1.47,-3.48,-2.87,37.15,nan,nan,nan,nan,2.93,31.2,22.68,27.8,1.38,1.01,0.03,23.11,75.19,15.79,3.42,0.8,0.477272727
USAT,2014,6.175,69710.435,35.6,1.03,0.65,0.79,1.4,75.85,67.85,17.82,-38.88,3123.27,nan,nan,25.96,20.68,21.54,24.06,0.96,0.78,nan,22.86,100.75,15.97,2.21,0.79,0.913043478
USAT,2013,7.358333333,66766.067,39.22,1.99,2.45,1.03,1.8,0.98,1.34,23.86,nan,nan,nan,nan,25.6,29.33,32.85,36.08,0.89,0.73,0.01,25.71,112.27,14.2,2.48,1.03,-0.110497238
USAT,2012,8.075,64621.02,34.33,-24.12,-17.92,0.84,1.79,-28.31,-27.6,26.89,nan,nan,nan,nan,21.48,36.55,29.94,34.81,1.22,0.91,0.01,25.64,112.77,14.24,3.02,0.84,0.040229885
USATP,2016,4.866666667,74497.901,28.4,-1.34,-9.59,0.98,1.64,-14.65,-12.26,33.28,nan,nan,nan,nan,0.69,38.96,33.21,35.14,1.17,0.99,0.03,22.56,71.11,16.18,6.84,0.98,0.148401826
USATP,2015,5.266666667,72482.854,28.97,-0.41,-1.38,0.8,1.47,-3.48,-2.87,37.15,nan,nan,nan,nan,2.93,31.2,22.68,27.8,1.38,1.01,0.03,23.11,75.19,15.79,3.42,0.8,0.436065574
USATP,2014,6.175,69710.435,35.6,1.03,0.65,0.79,1.4,75.85,67.85,17.82,-38.88,3123.27,nan,nan,25.96,20.68,21.54,24.06,0.96,0.78,nan,22.86,100.75,15.97,2.21,0.79,-0.235588972
USATP,2013,7.358333333,66766.067,39.22,1.99,2.45,1.03,1.8,0.98,1.34,23.86,nan,nan,nan,nan,25.6,29.33,32.85,36.08,0.89,0.73,0.01,25.71,112.27,14.2,2.48,1.03,0.05
USATP,2012,8.075,64621.02,34.33,-24.12,-17.92,0.84,1.79,-28.31,-27.6,26.89,nan,nan,nan,nan,21.48,36.55,29.94,34.81,1.22,0.91,0.01,25.64,112.77,14.24,3.02,0.84,0.114369501
XELB,2016,4.866666667,74497.901,nan,9.93,-33.33,0.22,1.38,-9.93,-6.77,-3.2,48.05,nan,nan,-22.53,0.75,14.3,6.74,27.64,2.12,2.06,0.2,89.2,nan,4.09,12.74,0.22,-0.25
XELB,2015,5.266666667,72482.854,nan,14.88,9.23,0.21,1.42,2.65,3.15,18.16,-33.05,6.33,-6.67,107.23,6.69,14.49,6.86,29.74,2.11,2.03,0.24,81.14,2836.2,4.5,18.87,0.21,-0.413333333
XELB,2014,6.175,69710.435,99.04,11.46,10.83,0.2,1.52,3.21,3.39,33.87,280.48,nan,nan,-50.81,1.91,16.51,8.64,34.21,1.91,1.86,0.32,73.97,nan,4.93,32.54,0.2,0.034482759
XELB,2013,7.358333333,66766.067,99.65,4.03,-0.26,0.21,2.09,-2.16,-0.08,54.9,nan,nan,nan,185.19,1.19,11.01,14,52.1,0.79,0.69,0.66,63.3,nan,5.77,20.85,0.21,1.589285714
XELB,2012,8.075,64621.02,100,-12.75,2.78,0.19,2,5.08,4.6,1.71,nan,-64.24,-71.93,-20.33,3.13,16.28,3.4,50.12,4.79,4.56,0.68,95.14,nan,3.84,11.8,0.19,0.866666667
Z,2016,4.866666667,74497.901,91.82,-22.76,-26.02,0.27,1.24,-8.46,-7.33,31.32,nan,nan,nan,nan,8.47,18.47,3.09,19.56,5.98,5.63,0.14,12.56,19.42,29.05,9.01,0.27,0.122018097
Z,2015,5.266666667,72482.854,90.67,-14.43,-23.81,0.34,1.17,-9.11,-7.7,97.82,nan,nan,nan,nan,10.56,18.31,2.56,14.56,7.14,6.84,0.09,13.04,37.67,28,9.82,0.34,0.553236797
ZG,2016,4.866666667,74497.901,91.82,-22.76,-26.02,0.27,1.24,-8.46,-7.33,31.32,nan,nan,nan,nan,8.47,18.47,3.09,19.56,5.98,5.63,0.14,12.56,19.42,29.05,9.01,0.27,0.117695473
ZG,2015,5.266666667,72482.854,90.67,-14.43,-23.81,0.34,1.17,-9.11,-7.7,97.82,nan,nan,nan,nan,10.56,18.31,2.56,14.56,7.14,6.84,0.09,13.04,37.67,28,9.82,0.34,0.399769585
ZG,2014,6.175,69710.435,90.96,-7.12,-13.38,0.52,1.1,-7.54,-7.54,64.97,nan,nan,nan,nan,13.58,61.77,7.57,9.38,8.16,7.95,nan,17.15,87.23,21.28,9.45,0.52,-0.211387038
ZG,2013,7.358333333,66766.067,90.48,-8.39,-8.38,0.43,1.07,-2.94,-2.94,69.06,nan,nan,nan,nan,13.15,51.89,5.49,6.62,9.45,9.3,nan,19.03,76.47,19.18,9.63,0.43,0.295918367
ZG,2012,8.075,64621.02,87.98,6.05,5.08,0.56,1.09,3.11,3.11,76.9,495.69,438.93,nan,nan,14.33,67.51,6.72,7.86,10.05,9.92,nan,22.32,62.89,16.35,11.2,0.56,1.94566474
ACN,2016,4.866666667,74497.901,57.64,3.11,2.88,1.46,1.48,10.29,9.43,23.9,nan,nan,nan,nan,1.84,44.45,24.84,32.43,1.79,1.12,0.07,62.69,117.01,5.82,9.29,1.46,0.307009306
ACN,2015,5.266666667,72482.854,59.18,-7.63,-7.42,1.21,1.46,-10.12,-8.48,-16.87,nan,nan,nan,nan,2.69,43.22,27.78,31.39,1.56,0.93,0.01,75.11,142.69,4.86,6.92,1.21,0.120861244
ACN,2014,6.175,69710.435,61.96,-9.3,-9.65,1.28,1.4,-17.16,-14.51,8.59,nan,nan,nan,nan,4.12,44.58,24.22,28.66,1.84,1.27,0.05,63.51,133.37,5.75,6.09,1.28,0.170081738
ACN,2013,7.358333333,66766.067,57.54,-3.8,-4.08,1.03,1.42,-13.18,-11.81,-17.27,nan,nan,nan,nan,9.69,47.33,20.59,29.35,2.3,1.59,0.1,75.6,166.4,4.83,4.87,1.03,0.08623206
ACN,2012,8.075,64621.02,63.88,2.64,2.6,1.29,1.37,31.4,29.53,-1.03,-84.98,-47.12,-51.22,nan,5.3,47.51,25.52,27.01,1.86,1.31,nan,72.7,205.7,5.02,6.28,1.29,0.236390977
BABA,2016,4.866666667,74497.901,66.03,29.22,80.55,0.33,1.68,39.43,11.15,32.73,26.8,194.55,187.53,nan,10.72,36.79,15.68,34.62,2.58,2.45,0.25,4.11,9.13,88.88,8.88,0.33,0.963671564
BABA,2015,5.266666667,72482.854,68.72,30.59,42.42,0.42,1.76,27.63,13.99,45.14,-6.63,4.06,-3,nan,10.11,55.63,16.3,40.26,3.58,3.46,0.35,3.2,30.44,114.08,10.35,0.42,0.080472499
BABA,2014,6.175,69710.435,74.54,47.55,51.05,0.6,3.8,157.44,47.93,52.11,73.2,173.27,nan,nan,9.1,60.81,33.84,73.44,1.81,1.63,1.05,1.4,72.62,259.92,11.18,0.6,-0.2181066
ADS,2016,4.866666667,74497.901,49.23,8.31,8.31,1.35,2.34,16.76,13.48,14.05,32.51,60.41,48.07,20.8,3.52,58.55,44.53,57.4,1.31,0.59,0.15,40.2,83.22,9.08,10.85,1.35,0.109321663
ADS,2015,5.266666667,72482.854,48.29,6.44,6.14,1.31,2.35,11.23,8.84,16.38,14.03,29.39,43.4,277.12,3.03,56.19,40.15,57.59,1.4,0.65,0.26,43.1,76.69,8.47,10.94,1.31,-0.173807716
ADS,2014,6.175,69710.435,47.64,6.57,5.75,1.21,2.21,8.82,7.26,0.29,-23.48,-37.74,-37.5,-1.29,3.77,59.17,35.24,54.73,1.68,0.84,0.28,47.15,83.38,7.74,10.8,1.21,-0.033141059
ADS,2013,7.358333333,66766.067,49.29,8.64,7.84,1.25,2.11,14.58,12.03,-2.63,5.94,49.62,49.21,-69.49,3.37,59.12,40.77,52.71,1.45,0.73,0.12,44.04,89.74,8.29,12.42,1.25,0.087932149
ADS,2012,8.075,64621.02,47.73,7.92,5.72,1.29,2.2,9.9,8.41,11.53,16.52,-21.61,-21.25,22.12,2.92,59.02,37.5,54.53,1.57,0.84,0.23,41.63,86.23,8.77,14.46,1.29,0.816316662
ATKR,2016,4.866666667,74497.901,24.2,8.34,5.7,1.34,4.53,28.44,10.27,-11.9,95.83,nan,nan,22.41,1.1,50.05,17.59,77.91,2.85,1.92,2.45,49.01,35.4,7.45,7.14,1.34,-0.102885822
BFAM,2016,4.866666667,74497.901,24.73,12.01,9.27,0.72,3.3,21.71,8.29,10.37,10.39,nan,203.57,nan,5.06,7.8,18.66,69.66,0.42,0.3,1.4,22.47,8.06,16.24,3.15,0.72,0.342473579
BFAM,2015,5.266666667,72482.854,24.73,12.01,9.27,0.72,3.3,21.71,8.29,10.9,6.02,65.64,67.1,7.38,5.06,7.8,18.66,69.66,0.42,0.3,1.4,22.47,8.06,16.24,3.15,0.72,0.048203593
BFAM,2014,6.175,69710.435,24.9,12.56,9.12,0.7,3.43,13.39,7.05,7.64,8.61,0.89,3.33,49.52,4.8,6.55,16.43,70.84,0.4,0.29,1.53,22.61,8.22,16.14,3.27,0.7,0.420974261
BFAM,2013,7.358333333,66766.067,24.53,12.45,9.61,0.68,2.96,12.62,7.25,7.79,23.61,30.39,40.19,-14.65,5.33,7.1,14.2,66.17,0.5,0.36,1.24,22.57,6.59,16.17,3.52,0.68,0.279531845
CAJ,2016,4.866666667,74497.901,96.18,9.69,-2,0.78,2.51,-5.25,0.16,43.27,-14.6,nan,nan,-38.7,5.17,11.88,12.83,60.15,0.93,0.72,1.16,7.61,149.66,47.97,4.32,0.78,0.329068941
CAJ,2015,5.266666667,72482.854,96.31,16.25,7.07,0.87,2.04,5.83,4.14,24.18,65.41,-46.58,-51.79,-4.59,6.34,22.67,11.48,50.98,1.98,1.93,0.78,9.37,240.05,38.97,4.01,0.87,-0.066047129
CAJ,2014,6.175,69710.435,96.05,12.2,11.48,1.49,1.61,19.88,15.99,44.05,82.59,99.4,78.72,96.5,3.46,19.52,21.59,37.81,0.9,0.86,0.22,7.11,184.67,51.34,5.39,1.49,-0.048325963
CAJ,2013,7.358333333,66766.067,95.55,9.62,8.62,1.31,1.68,12.39,10.14,19.55,60.15,69.96,49.21,85.59,2.91,16.26,21.42,40.4,0.76,0.72,0.28,7.49,176.84,48.72,5.11,1.31,-0.010625
CAJ,2012,8.075,64621.02,95.37,7.19,5.73,1.46,1.51,9.55,8.74,13.2,-36.83,121.85,117.24,-22.76,3.56,10.38,22.95,33.9,0.45,0.41,0.14,6.24,226.04,58.45,5.68,1.46,-0.183881663
CBZ,2016,4.866666667,74497.901,-43.72,-83.26,3.6,1.95,1.72,12.16,12.88,5.11,nan,nan,nan,nan,1.08,80.87,39.2,41.78,2.06,1.13,nan,56.67,36.12,6.44,10.22,1.95,0.127737226
CBZ,2015,5.266666667,72482.854,-49.26,-88.24,-0.66,1.9,1.75,-2.25,-1.21,7.61,nan,nan,nan,nan,1,77.89,40.35,42.83,1.93,1.03,nan,57.25,38.47,6.37,9.21,1.9,0.389452333
CBZ,2014,6.175,69710.435,-42.76,-85.16,0.75,1.78,1.83,2.38,3.44,13.49,nan,nan,nan,nan,0.91,77.84,42.62,45.23,1.83,0.87,nan,60.26,40.82,6.06,7.85,1.78,0.151869159
CBZ,2013,7.358333333,66766.067,-34.65,-80.24,-16.67,1.53,1.74,-40.36,-39.71,2.09,nan,nan,nan,nan,1.16,73.58,40.02,42.45,1.84,0.96,nan,61.33,40.37,5.95,4.48,1.53,-0.061403509
CBZ,2012,8.075,64621.02,-31.43,-78.49,-3.62,1.39,1.46,-7.25,-6.89,-12.75,nan,nan,nan,nan,1.5,55.76,29.58,31.64,1.89,1.05,nan,54.32,39.34,6.72,3.2,1.39,0.543147208
CNDT,2016,4.866666667,74497.901,14.2,-1.36,-19.15,0.76,2.34,-23.27,-16.42,-3.81,nan,nan,nan,nan,2.93,24.87,18.19,55.51,1.37,1.22,0.58,72.11,14.21,5.06,22.76,0.76,0.084563758
COTV,2016,4.866666667,74497.901,59.73,21.43,11.17,0.3,2.13,5.66,4.68,15.48,7.72,252.39,243.75,283.25,5.63,10.11,8.56,53.09,1.18,1.04,0.81,42.79,nan,8.53,10,0.3,-0.063662791
DHX,2016,4.866666667,74497.901,85.85,13.82,-0.05,0.67,2.98,-4.45,-1.55,-12.63,-23.84,nan,nan,-36.45,5.15,22.63,34.93,66.5,0.65,0.62,0.82,71.99,250.54,5.07,14.25,0.67,-0.696
DHX,2015,5.266666667,72482.854,84.93,15.85,1.17,0.65,2.67,-6.93,-3.42,-1.08,-11.94,nan,nan,10.46,3.49,23.94,30.64,62.59,0.78,0.72,0.73,67.04,231.22,5.44,16.59,0.65,-0.318429662
DHX,2014,6.175,69710.435,85.83,17.8,16.32,0.62,2.4,15.98,10.44,23.02,3.25,69.96,88.89,20.67,3.32,20.58,28.03,58.39,0.73,0.67,0.61,60.33,260.82,6.05,15.15,0.62,-0.083916084
DHX,2013,7.358333333,66766.067,89.03,21.21,12.79,0.55,2.51,9.06,6.64,9.27,-23.17,-57.35,-54.24,-20.4,4.94,20.12,27.01,60.11,0.74,0.7,0.69,57.1,342.89,6.39,14.34,0.55,0.380689655
DHX,2012,8.075,64621.02,91.97,30.17,29.09,0.57,1.86,19.05,17.03,9.06,1.5,11.69,20.41,-14.03,3.02,21.44,26.73,46.18,0.8,0.75,0.24,46.44,362.41,7.86,19.65,0.57,-0.210239651
DBD,2016,4.866666667,74497.901,21.76,-4.51,-7.19,0.88,8.91,-6.58,1.41,37.08,nan,nan,nan,nan,1.19,49.7,38.07,87.66,1.44,0.9,2.86,68.78,59.23,5.31,11.8,0.88,-0.349900596
DBD,2015,5.266666667,72482.854,26.95,3.18,1.89,1.05,5.45,15.61,9.21,-20.71,-54.81,-35.59,-36.36,nan,2.16,73.07,42.93,81.48,1.72,0.82,1.49,67.28,56.12,5.43,14.03,1.05,-0.164174144
DBD,2014,6.175,69710.435,26.55,5.64,5.66,1.35,4.41,20.28,10.41,6.77,nan,nan,nan,41.31,2.25,70.68,44.32,77.07,1.61,0.91,0.9,55.34,37.93,6.6,18.47,1.35,-0.131351039
DBD,2013,7.358333333,66766.067,22.69,-2.74,-5.49,1.2,3.66,-25.82,-13.98,-4.49,nan,nan,nan,22.13,1.37,71.23,41.39,72.36,1.74,1.05,0.8,59.75,35.84,6.11,16.55,1.2,0.049378976
DBD,2012,8.075,64621.02,24.39,3.88,3.71,1.17,3.2,9.59,5.01,5.5,-11.07,-45.82,-45.09,-54.75,2.1,69.99,32.8,68.33,2.16,1.35,0.76,55.11,36.16,6.62,15.87,1.17,0.07840575
KODK,2016,4.866666667,74497.901,23.19,6.34,-0.85,0.88,nan,nan,nan,-0.78,-48.13,526.67,528.57,nan,2.48,56.12,24.55,96.66,2.29,1.49,nan,65.32,60.68,5.59,5,0.88,-0.811550152
KODK,2015,5.266666667,72482.854,24.53,8.83,3.1,0.79,nan,nan,nan,-14.18,98.94,nan,nan,nan,2.5,63.06,23.93,104.11,2.64,1.72,nan,69.07,61.04,5.28,4.26,0.79,0.311802233
KODK,2014,6.175,69710.435,21.13,5.21,-1.94,0.77,27.41,-45.07,-5,-14.46,80.77,nan,nan,nan,2.38,59.78,21.72,96.31,2.78,1.99,8.65,68.92,52.42,5.3,3.79,0.77,-0.422385997
KODK,2013,7.358333333,66766.067,22.48,5.47,-2.39,0.73,9.23,-27.18,-5.89,nan,nan,nan,nan,nan,2.1,60.64,23.64,89.07,2.59,1.88,2.43,81.44,54.66,4.48,3.48,0.73,-0.374531835
ENV,2016,4.866666667,74497.901,25.82,14.2,13.94,0.41,1.79,6.91,5.42,-2.18,16.22,15.53,-9.82,nan,14.12,28.55,19.36,44.18,1.47,1.18,0.27,102.07,371.46,3.58,0.77,0.41,0.424285714
ENV,2015,5.266666667,72482.854,84.23,12.63,11.82,0.42,1.84,5.69,4.58,-2.63,30.01,65.18,nan,nan,13.17,28.71,19.91,45.72,1.44,1.02,0.3,101.09,366.27,3.61,0.76,0.42,0.172529313
ENV,2014,6.175,69710.435,83.46,9.11,7.81,0.44,1.61,3.23,2.82,3.55,-24.95,-19.29,nan,nan,11.99,26.02,17.35,37.71,1.5,1.02,0.15,109.94,345.22,3.32,0.75,0.44,-0.392551893
ENV,2013,7.358333333,66766.067,83.89,12.57,10.79,0.42,1.6,3.99,3.67,nan,nan,nan,nan,nan,14.6,26.68,18.72,37.58,1.43,1.03,0.1,126.02,386.33,2.9,0.71,0.42,0.219354839
FICO,2016,4.866666667,74497.901,69.91,19.24,16.4,0.72,2.73,24.77,12.57,5.08,8.89,26.53,27.92,51.2,2.49,21.92,20.15,63.41,1.09,0.99,1.11,67.62,29.45,5.4,21.15,0.72,0.285019292
FICO,2015,5.266666667,72482.854,67.75,18.57,13.02,0.69,2.81,19.4,10.71,6.31,-6.26,-8.83,-2.57,-33.53,2.98,23.3,19.82,64.48,1.18,1,1.18,68.33,28.23,5.34,22.4,0.69,0.265873859
FICO,2014,6.175,69710.435,68.4,21.06,16.87,0.67,2.62,19.26,11.52,6.13,0.65,5.31,9.68,45.07,1.6,24.2,28.63,61.87,0.85,0.76,0.83,69.17,30.17,5.28,19.28,0.67,0.302627939
FICO,2013,7.358333333,66766.067,69.13,22.2,17.75,0.64,2.19,17.93,11.19,9.91,-4.84,-2.07,-2.75,7.39,3.25,21.45,14.28,54.31,1.5,1.37,0.84,70.29,30.36,5.19,17.24,0.64,0.150541057
FICO,2012,8.075,64621.02,70.74,25.65,20.14,0.59,2.44,19.58,11.58,9.16,24.16,28.57,42.46,-14.63,3.77,22.38,18.09,59.05,1.24,1.13,0.96,66.79,27.75,5.46,18.26,0.59,0.495122532
FDC,2016,4.866666667,74497.901,40.12,14.34,4.15,0.31,33.03,44.49,6.55,1.16,35.81,nan,nan,746.63,4.12,43.23,44.72,96.74,1.04,0.14,14.86,60.62,11.68,6.02,12.63,0.31,0.177589852
FDC,2015,5.266666667,72482.854,39.62,10.68,-12.28,0.33,51.44,nan,-0.27,2.68,-15.8,nan,nan,-56.79,5.26,31.39,33.93,97.87,1.01,0.21,28.05,58.97,13.68,6.19,12.18,0.33,-0.11423221
FLT,2016,4.866666667,74497.901,100,15.51,13.14,0.91,2.23,18.7,18.09,11.1,1.13,-4.68,-4.68,-15.76,4.61,75.41,52.2,55.15,1.44,1.41,nan,62.75,nan,5.82,12.73,0.91,0.35973714
FLT,2015,5.266666667,72482.854,100,17.04,15.5,0.91,2.19,21.67,20.8,7.05,-6.23,23.99,23.75,62.92,3.51,77.21,52.1,54.44,1.48,1.45,nan,76.69,nan,4.76,13.23,0.91,-0.009864969
FLT,2014,6.175,69710.435,100,19.45,14.67,0.92,2.2,19.48,18.73,13.52,22.05,-15.92,-15.85,-46.17,2.51,78.31,52.32,54.46,1.5,1.47,nan,84.13,nan,4.34,13.81,0.92,-0.038867595
FLT,2013,7.358333333,66766.067,100,18.09,17.96,0.87,2.31,26.13,23.9,-1.93,nan,23,22.96,11.7,2.64,75.23,54.27,56.75,1.39,1.35,nan,83.44,nan,4.37,12.87,0.87,0.269181531
FLT,2012,8.075,64621.02,89.82,-42.64,14.64,0.96,2.47,25.04,20.64,9.14,nan,43.1,42.98,147.99,2.8,73.56,54.46,59.57,1.35,1.32,0.07,73.16,418.41,4.99,14.04,0.96,1.183970177
GPN,2016,4.866666667,74497.901,60.4,14.66,12.45,0.36,3.83,15.5,6.02,4.49,-6.93,-2.29,-0.97,48.55,3.16,27.13,23.42,73.54,1.17,0.55,1.59,30.48,7.63,11.98,6.68,0.36,0.444172309
GPN,2015,5.266666667,72482.854,63.15,16.46,15.04,0.57,7.64,31.68,10.37,8.59,14.58,13.35,22.26,194.76,3.34,57,53.02,86.67,1.09,0.28,2.22,27.43,6.41,13.3,7.46,0.57,0.075957216
GPN,2014,6.175,69710.435,62.72,15.88,14.77,0.72,4.03,22.89,10.35,7.51,11.56,13.49,22.1,-20.62,3.19,40.9,31.2,74.32,1.36,0.66,1.38,28.87,6.05,12.64,7.12,0.72,0.597968789
GPN,2013,7.358333333,66766.067,63.72,16.58,14.07,0.82,2.73,18.65,11.63,7.81,-8.82,14.86,16.46,nan,4.15,38.86,23.59,61.6,1.72,1.24,0.78,28.6,6.42,12.76,7.27,0.82,0.242536165
GPN,2012,8.075,64621.02,64.39,17.78,13.63,0.73,2.29,15.97,11.01,18.5,18.15,-10.07,-8.85,nan,4.99,46.45,34.67,51.46,1.49,1.15,0.2,28.94,7.41,12.61,7.84,0.73,0.434437086
GRUB,2016,4.866666667,74497.901,56.58,16.85,17,0.43,1.23,5.36,5.36,36.35,35.4,30.15,31.82,80.87,7.53,33.1,9.23,18.82,3.59,3.47,nan,37.96,13.44,9.62,15.03,0.43,0.908559277
GRUB,2015,5.266666667,72482.854,61.25,16.98,17.12,0.35,1.21,4.62,4.62,42.52,37.67,56.93,46.67,-49.15,3.12,33.6,8.45,17.23,3.98,3.94,nan,39.43,15.05,9.26,20.63,0.35,0.554545455
GRUB,2014,6.175,69710.435,65.46,17.72,17.72,0.29,1.27,3.61,3.61,85.12,202.13,259.61,150,94.75,2.79,36.03,11.33,21.35,3.18,3.15,nan,45.9,13.99,7.95,15.34,0.29,-0.333700441
HRG,2016,4.866666667,74497.901,nan,13.63,8.39,0.71,nan,nan,nan,-3.57,25.78,27.21,24.44,51.03,2.64,31.28,35.94,111.38,0.87,0.67,nan,67.94,nan,5.37,34.23,0.71,0.08933162
HRG,2015,5.266666667,72482.854,nan,12.6,7.03,0.74,nan,nan,nan,-3.14,-10.18,-12.5,-11.76,-28.68,3.45,32.38,37.32,116.4,0.87,0.69,nan,71.15,nan,5.13,32.52,0.74,0.147492625
HRG,2014,6.175,69710.435,nan,11.53,7.42,0.76,nan,nan,nan,-0.7,-12.67,-30,-30.14,nan,4.2,34.04,39.01,104.91,0.87,0.69,nan,63.19,nan,5.78,34.08,0.76,-0.042372881
HRG,2013,7.358333333,66766.067,100,13.11,9,0.74,nan,nan,nan,-8.28,-2.17,7.62,4.29,nan,2.83,33.03,34.85,101.31,0.95,0.76,nan,59.66,nan,6.12,32.53,0.74,0.194936709
HRG,2012,8.075,64621.02,100,11.87,9.11,0.77,nan,273.62,18.09,4.53,13.86,16.75,14.75,-20.55,2.57,36.01,41.66,100.23,0.86,0.72,nan,62.57,nan,5.83,30.55,0.77,0.540962289
IMAX,2016,4.866666667,74497.901,53.71,15.53,15.33,0.42,1.53,4.86,4.67,0.94,-33.88,-48.45,-46.15,63.47,5.32,57.48,14.19,29.55,4.35,3.76,0.05,93.99,45.4,3.88,1.63,0.42,-0.288786482
IMAX,2015,5.266666667,72482.854,58.66,23.7,23.3,0.48,1.49,10.94,10.68,28.66,44.32,40.54,39.29,-18.86,12.93,63.77,13.53,29.19,4.98,4.49,0.05,84.97,58.58,4.3,1.86,0.48,-0.084130557
IMAX,2014,6.175,69710.435,59.68,21.13,19.74,0.53,1.62,11.19,11.15,0.9,-5.7,-9.93,-12.5,10.25,14.81,51.81,16.34,38.41,3.17,2.84,0.01,93.67,70.94,3.9,1.84,0.53,0.150161812
IMAX,2013,7.358333333,66766.067,57.17,21.85,22.16,0.64,1.51,15.41,15.74,1.28,11.22,6.72,4.92,-35.98,5.38,49.22,17.59,33.58,2.8,2.61,nan,72.94,51.11,5,2.34,0.64,0.04816825
IMAX,2012,8.075,64621.02,54.2,20.88,20.62,0.69,1.67,18.54,17.86,20.18,105.23,165.95,165.22,nan,4.2,45.34,19.87,40.01,2.28,2.02,0.04,56.92,61.22,6.41,2.62,0.69,0.3113879
ITGR,2016,4.866666667,74497.901,27.28,12.26,0.09,0.47,3.91,0.76,2.9,73.26,264.86,nan,nan,nan,4.23,18.26,6.54,74.4,2.79,1.46,2.34,54.22,29.36,6.73,3.69,0.47,0.53820034
ITGR,2015,5.266666667,72482.854,29.38,9.95,-1.96,0.41,3.51,-1.04,0.74,16.38,-48.77,nan,nan,nan,5.57,19.27,7.17,71.48,2.69,1.41,1.98,75.77,42.23,4.82,3.05,0.41,-0.439047619
ITGR,2014,6.175,69710.435,33.64,13.22,11.13,0.74,1.56,9.6,7.55,3.59,48.28,52.92,49.65,47.79,3.61,36.68,11.37,35.84,3.23,1.87,0.29,63.32,37.17,5.76,4.73,0.74,0.064908722
ITGR,2013,7.358333333,66766.067,33.03,9.16,7.36,0.75,1.64,7.09,6.17,2.75,-10.02,nan,nan,60.75,2.8,31.72,10.31,39.14,3.08,1.65,0.36,64.49,37.67,5.66,4.47,0.75,0.11437613
ITGR,2012,8.075,64621.02,31.21,10.55,1.04,0.73,1.85,-1.01,0.98,13.6,10.48,nan,nan,-64.76,6.36,30.13,10.31,45.96,2.92,1.54,0.47,62.95,35.28,5.8,4.36,0.73,0.903614458
LC,2016,4.866666667,74497.901,nan,nan,-30.39,0.09,5.7,-14.47,nan,17.17,nan,nan,nan,nan,10.49,nan,nan,82.46,nan,nan,4.43,nan,nan,nan,6.94,0.09,-0.213333333
LC,2015,5.266666667,72482.854,nan,nan,-0.51,0.09,5.56,-0.5,nan,103.52,nan,nan,nan,nan,9.26,nan,nan,82.02,nan,nan,4.39,nan,nan,nan,10.36,0.09,-0.524886878
LC,2014,6.175,69710.435,nan,nan,-14.91,0.07,4,-7.01,nan,115.48,nan,nan,nan,nan,9.74,nan,nan,74.98,nan,nan,2.89,nan,nan,nan,10.66,0.07,-0.563241107
LKSD,2016,4.866666667,74497.901,17.05,5.28,4.3,1.84,8.13,13.98,7.73,-2.38,0.89,44.02,169.17,-21.46,1.31,50,29.87,87.7,1.67,1.3,3.09,65.2,35.1,5.6,5.51,1.84,-0.489555256
MA,2016,4.866666667,74497.901,nan,53.78,52.39,0.62,3.3,69.48,40.96,11.47,15.99,6.59,10.15,nan,3.54,70.83,38.64,69.67,1.84,1.5,0.92,42.25,nan,8.64,15.31,0.62,0.465956416
MA,2015,5.266666667,72482.854,nan,51.68,51.29,0.61,2.7,59.42,43.81,2.05,-1.58,5.28,8.06,nan,3.54,67.52,38.61,62.87,1.75,1.42,0.55,41.31,nan,8.84,14.99,0.61,0.060497124
MA,2014,6.175,69710.435,nan,53.77,53.8,0.64,2.26,50.68,42.3,13.5,12.67,16.08,21.09,nan,3.54,71.74,40.68,55.61,1.77,1.36,0.22,39.98,nan,9.13,16.6,0.64,0.129990715
MA,2013,7.358333333,66766.067,nan,54.2,54.14,0.63,1.9,43.27,43.41,12.92,13.65,12.94,16.68,nan,3.6,76.89,42.39,47.41,1.82,1.43,nan,41.35,nan,8.83,16.73,0.63,0.031238779
MA,2012,8.075,64621.02,nan,53.63,53.21,0.64,1.8,43.16,43.38,10.08,46.11,44.75,47.74,890,2.95,75.08,39.41,44.44,1.91,1.43,nan,42.79,nan,8.53,16.05,0.64,0.700590271
MSCI,2016,4.866666667,74497.901,78.09,42.42,100,0.37,9.71,42.8,13.44,7.04,20.85,16.64,33,nan,3.7,34.25,17.41,89.7,1.97,1.89,6.53,68.16,2.23,5.36,11.83,0.37,0.60624524
MSCI,2015,5.266666667,72482.854,75.1,37.57,100,0.36,3.49,19.16,11.2,7.86,19.79,-21.28,-16.46,80,4.57,33.79,15.83,71.35,2.13,1.98,1.75,65.69,3.65,5.56,11.14,0.36,0.092194649
MSCI,2014,6.175,69710.435,72.25,33.83,100,0.33,2.02,18.86,13.21,-3.76,-9.24,27.66,32.79,-798,5.1,26.63,16.34,50.49,1.63,1.45,0.56,63.76,2.39,5.72,11.1,0.33,0.52044688
MSCI,2013,7.358333333,66766.067,73.65,37.26,100,0.34,1.99,14.79,10.21,9,7.1,20.8,23.65,-837,4.77,20.32,16.05,49.71,1.27,1.05,0.5,56.93,2.33,6.41,13.54,0.34,0.085086917
MSCI,2012,8.075,64621.02,72.15,38.48,100,0.31,2.12,13.38,9.35,5.46,6.54,6.22,4.96,nan,5.43,17.05,16.89,52.8,1.01,0.8,0.57,64.18,2.04,5.69,18.09,0.31,0.41077767
NLSN,2016,4.866666667,74497.901,58.68,19.78,12.93,0.41,3.83,11.76,5.94,2.22,9.09,-11.93,-9.74,11.93,6.86,14.13,10.26,73.6,1.39,1.21,1.89,71.07,31.78,5.14,13.13,0.41,-0.132300358
NLSN,2015,5.266666667,72482.854,58.86,18.54,15.57,0.4,3.45,12.01,6.37,-1.84,-2.89,48.44,54,13.22,6.61,12.47,11.17,70.66,1.13,0.94,1.59,74.84,31.55,4.88,12.07,0.4,-0.099785408
NLSN,2014,6.175,69710.435,58.33,18.73,9.88,0.41,3.04,7.12,4.68,10.26,20.2,-48.11,-48.45,29.22,6.55,13.13,11.75,66.95,1.12,0.84,1.28,72.7,25.49,5.02,11.51,0.41,0.041806394
NLSN,2013,7.358333333,66766.067,57.95,17.18,9.12,0.38,2.71,13.89,8.32,1.62,-5.41,171.06,158.67,23.71,6.56,13.74,9.93,62.92,1.39,1.15,1.13,76.26,22.3,4.79,10.18,0.38,-0.025277838
NLSN,2012,8.075,64621.02,58.85,17.85,6.64,0.39,2.96,5.71,4.73,1.45,18,225,212.5,55.47,6.62,11.49,12.05,66.09,0.96,0.8,1.26,72.45,26.44,5.04,9.6,0.39,0.500163452
QUAD,2016,4.866666667,74497.901,21.59,4.69,1.37,1.6,5.82,10.38,6.26,-7.44,31.15,nan,nan,14.55,2.45,35.12,30.14,82.82,1.17,0.74,2.36,55.47,36.68,6.58,2.71,1.6,-0.15922619
QUAD,2015,5.266666667,72482.854,19.94,3.12,-19.98,1.35,6.72,-81.44,-26.59,-3.8,-31.35,nan,nan,39.68,2.89,34.81,28.35,85.11,1.23,0.82,2.96,59.41,37.16,6.14,2.65,1.35,1.890322581
QUAD,2014,6.175,69710.435,20.31,3.44,0.86,1.18,3.54,1.52,2.98,1.39,-12.17,-42.77,-41.54,-47.19,2.91,29,21.16,71.73,1.37,0.9,1.16,59.37,37.88,6.15,2.57,1.18,-0.594947735
QUAD,2013,7.358333333,66766.067,20.73,4.95,1.18,1.16,3.23,2.58,3.31,17.14,5.65,-62.81,-63.48,16.31,3.12,25.79,21.33,69.07,1.21,0.8,1,51.1,32.97,7.14,2.49,1.16,-0.156812339
QUAD,2012,8.075,64621.02,22.24,5.49,0.55,0.93,3.32,6.89,5.24,-5.33,-17.02,nan,nan,23.62,2.53,24.15,18.37,69.86,1.32,0.8,1.01,55.33,33.69,6.6,2.02,0.93,0.335458558
RRD,2016,4.866666667,74497.901,20.15,3.98,-7.28,1.19,nan,-171.89,-9.46,-38.74,-61.72,nan,nan,nan,2.52,58.74,36.32,102.47,1.62,1.29,nan,88.79,76.83,4.11,6.57,1.19,-0.430147059
RRD,2015,5.266666667,72482.854,20.42,4.36,-0.16,1.51,10.66,23.67,7.6,-2.99,9.3,28.71,23.73,-10.96,3.02,42.61,32.17,90.6,1.32,1.02,4.67,65.4,54.36,5.58,7.6,1.51,0.108695652
RRD,2014,6.175,69710.435,20.55,3.99,-1.35,1.56,12.87,19.16,8.01,10.72,-8.92,-44.41,-48.7,4.37,3.12,44.16,31.1,92.2,1.43,1.08,5.77,60.81,49.18,6,7.88,1.56,-0.124330756
RRD,2013,7.358333333,66766.067,22.24,6.81,1.99,1.45,11.46,61.7,11.55,2.53,-4.74,nan,nan,-1.6,2.07,49.21,30.88,91.24,1.6,1.28,5.68,64.62,52.7,5.65,6.88,1.45,-0.171104536
RRD,2012,8.075,64621.02,22.82,7.32,-6.26,1.32,137.55,-118.92,-9.88,-3.67,2.14,nan,nan,-30.11,2.01,41,28.34,99.27,1.45,1.12,64.78,66.47,52.6,5.49,5.89,1.32,1.255839822
RBA,2016,4.866666667,74497.901,88.34,31.06,23.04,0.42,2.33,13.21,8.91,9.79,8.06,-32.58,-33.07,-14.77,6.44,23.63,15.85,56.92,1.5,1.08,0.86,30.84,212.51,11.84,1.09,0.42,-0.119705882
RBA,2015,5.266666667,72482.854,89.14,31.68,34.2,0.46,1.59,19.3,16.83,7.23,20.95,48.88,49.41,49.73,5.97,38.4,25.98,36.99,1.48,0.94,0.08,39.28,276.87,9.29,0.93,0.46,0.410203235
RBA,2014,6.175,69710.435,87.97,27.12,26.82,0.42,1.57,13.05,11.01,2.93,4.44,-2.49,-3.41,-18.34,8.09,35.45,22.88,36.26,1.55,1.23,0.16,46.04,245.79,7.93,0.8,0.42,-0.103384158
RBA,2013,7.358333333,66766.067,88.45,27.04,28.83,0.41,1.67,13.89,10.96,6.72,8.19,17.95,18.92,88.77,11.5,34.28,24.82,40.26,1.38,1.12,0.21,41.82,220.62,8.73,0.73,0.41,0.17269952
RBA,2012,8.075,64621.02,88.65,27.21,25.58,0.42,1.73,12.48,9.96,10.57,14.88,3.8,2.78,11.9,14.23,30.52,22.04,42.03,1.38,1.05,0.31,44.74,495.69,8.16,0.67,0.42,0.09765438
TSS,2016,4.866666667,74497.901,70.27,14.87,14.89,1.18,1.41,15.62,13.14,3.4,-2.58,-15.13,-15.25,88.16,6.73,39.27,13.01,29.44,3.01,1.96,0.18,23.68,30.38,15.41,2.65,1.18,0.613094024
TSS,2015,5.266666667,72482.854,70.17,15.78,15.94,1.3,1.4,20.43,18,7.03,18.41,26.33,26.88,-58.89,10.21,37.18,13.92,28.59,2.66,1.57,0.15,20.71,23.04,17.63,3.32,1.3,-0.015461847
TSS,2014,6.175,69710.435,69.38,14.26,13.98,1.33,1.34,18.18,16.04,2.45,-7.46,-2,-2.11,-12.01,4.89,37.04,15.2,25.51,2.43,1.28,0.08,22.04,18.73,16.56,4.26,1.33,0.466431095
TSS,2013,7.358333333,66766.067,69.71,15.79,14.72,1.26,1.47,21.02,16.38,2.84,11.73,-4.8,-5,37.4,3.42,40.21,20.95,31.85,1.92,1.13,0.1,22.94,23.7,15.91,4.46,1.26,0.020432692
TSS,2012,8.075,64621.02,67.47,14.53,13.13,1.22,1.85,25.73,17.26,5.84,-8.52,7.69,8.7,-49.15,4,44.6,29.58,45.92,1.51,1,0.23,21.48,24.5,16.99,4.6,1.22,0.553688142
TNET,2016,4.866666667,74497.901,40.31,19.98,3.48,0.56,nan,nan,nan,34.33,-10.62,-76.19,-76.16,-6.22,19.92,9.48,24.39,124.57,0.39,0.32,nan,26.44,44.77,13.81,1.4,0.56,0.730679157
TNET,2015,5.266666667,72482.854,45.22,29.81,15.11,0.52,nan,nan,nan,5.93,2.04,60.75,60.64,18.55,21.01,14.23,24.47,134.06,0.58,0.53,nan,25.99,49.93,14.04,1.28,0.52,0.324031008
TNET,2014,6.175,69710.435,45.24,31.18,11.78,0.5,nan,nan,nan,4.01,36.77,-6.1,-6,20.64,19.51,11.61,23.09,140.4,0.5,0.44,nan,24.62,50.02,14.82,1.22,0.5,-0.381393862
PAY,2016,4.866666667,74497.901,49.88,23.68,3.84,0.79,2.67,-2.08,-2.09,-2.72,4.44,nan,nan,45.88,3.87,83.29,62.49,62.51,1.33,1.23,nan,27.77,125.18,13.14,9.9,0.79,-0.001128032
PAY,2015,5.266666667,72482.854,48.09,22.05,22.68,0.72,2.65,35.73,35.69,2.99,8.83,8.94,9.13,2.14,4.61,87.36,62.23,62.24,1.4,1.05,nan,24.35,315.44,14.99,10.05,0.72,-0.367237687
PAY,2014,6.175,69710.435,45.71,20.87,21.69,0.68,2.83,34.28,34.17,1.74,5.47,16.01,16.11,12.29,5.35,69.77,64.69,64.72,1.08,1.02,nan,29.29,309.33,12.46,10.69,0.68,-0.246774194
PAY,2013,7.358333333,66766.067,42.99,20.13,19.79,0.9,3.1,31.38,31.43,4.25,15.9,14.84,13.82,9.98,4.65,75.13,67.67,67.72,1.11,1.08,nan,32.74,76.65,11.15,12.66,0.9,0.387024609
PAY,2012,8.075,64621.02,39.12,19.43,18.6,1.59,1.46,31.35,31.21,3.52,9.15,12.95,13.39,-1.33,2.63,43.7,31.2,31.39,1.4,1.3,nan,27.9,64.64,13.08,13.46,1.59,-0.096361186
VVI,2016,4.866666667,74497.901,34.4,-1.07,-1.65,2.65,3.45,-15.21,-6.81,2.77,nan,nan,nan,nan,3.18,74.9,43.4,71.03,1.73,1.1,0.92,59.81,63.89,6.1,14.54,2.65,0.256235828
VVI,2015,5.266666667,72482.854,36.32,0.15,-0.08,2.75,3.05,-1.69,-0.35,5.33,1202.6,nan,nan,nan,3.73,77.98,46.55,67.2,1.68,1.1,0.6,59.42,67.45,6.14,19.93,2.75,0.562167906
VVI,2014,6.175,69710.435,35.91,0.01,-0.21,2.87,2.99,-3.24,-1.38,9.15,nan,nan,nan,nan,1.73,83.81,49.6,66.54,1.69,1.18,0.48,58.63,63.59,6.22,25.82,2.87,0.058889722
VVI,2013,7.358333333,66766.067,36.19,-2.08,-4.71,2.73,2.74,-30.95,-19.61,5.09,nan,nan,nan,nan,1.73,80.49,45.45,63.56,1.77,1.29,0.49,55.55,58.07,6.57,22.29,2.73,-0.040316775
VVI,2012,8.075,64621.02,36.55,-3.02,-8.59,2.44,2.15,-52.03,-39.7,-0.69,nan,nan,nan,nan,1.99,74.74,41.82,53.5,1.78,1.24,0.25,55.71,57.56,6.55,20.77,2.44,0.022827688
V,2016,4.866666667,74497.901,75.91,64.71,53.12,0.29,2.35,21.01,14.21,8.66,7.68,-5.33,-3.88,nan,3.47,22.35,12.57,48.6,1.78,1.45,0.58,22.85,16.58,15.98,7.47,0.29,0.461420149
V,2015,5.266666667,72482.854,75.32,65.3,64.81,0.35,1.35,22.1,22.1,9.27,17.76,16.37,19.72,-725,2.98,27.07,13.36,25.83,2.03,1.37,nan,21.94,14.6,16.63,7.34,0.35,0.006060606
V,2014,6.175,69710.435,74.16,60.6,60.81,0.34,1.41,20.04,20.04,7.85,6.33,9.2,13.57,nan,4.35,24.79,15.57,28.92,1.59,0.94,nan,22.74,18.41,16.04,7.01,0.34,0.183066362
V,2013,7.358333333,66766.067,72.19,61.46,61.61,0.31,1.34,18.28,18.28,13.02,238.43,132.28,140.19,nan,4,21.75,12.06,25.27,1.8,1.37,nan,22.99,18.72,15.87,7,0.31,0.177474403
V,2012,8.075,64621.02,71.09,20.53,21.18,0.28,1.45,7.93,7.93,13.42,-60.85,-41.26,-38.76,nan,3.61,29.46,19.88,30.95,1.48,0.52,nan,22.47,19.44,16.24,6.56,0.28,0.468865435
WAGE,2016,4.866666667,74497.901,64.29,8.98,8.82,0.33,3.29,5.42,3.98,9.09,-18.01,-11.96,-14.29,151.4,13.56,58.88,50.42,69.62,1.17,1.14,0.61,44.3,7.8,8.24,6.96,0.33,-0.144827586
WAGE,2015,5.266666667,72482.854,64.95,11.95,11.36,0.4,2.64,7.45,6.2,24.82,28.64,25.81,26,158.07,8.53,66.02,52.32,62.08,1.26,1.23,0.23,39.26,5.8,9.3,7.68,0.4,0.597972228
WAGE,2014,6.175,69710.435,62.58,11.59,11.27,0.38,2.84,7.19,6.24,22.14,-2.9,-15.93,-19.35,4.96,7.92,62.07,54.34,64.84,1.14,1.08,0.28,36.06,5.53,10.12,8.16,0.38,-0.297351711
WAGE,2013,7.358333333,66766.067,62.64,14.58,14.09,0.39,2.63,11.29,9.87,23.69,68.9,106.68,87.88,-16.34,13.7,67.58,56.1,61.96,1.2,1.17,0.13,27.04,8.64,13.5,8.55,0.39,0.086305518
WAGE,2012,8.075,64621.02,63.53,10.68,9.94,0.44,3.32,16.33,9.86,30.7,39.62,-68.49,-77.24,-17.35,10.32,66.94,58.1,69.85,1.15,1.09,0.28,31.1,8.27,11.74,8.1,0.44,2.339325843
WU,2016,4.866666667,74497.901,39.7,8.92,6.3,0.57,10.44,21.95,8.74,-1.11,-56.4,-69.78,-68.52,93,4.24,49.12,62.34,90.42,0.79,0.59,2.53,80.69,490.8,4.52,23.98,0.57,-0.124769797
WU,2015,5.266666667,72482.854,41.66,20.23,17.17,0.57,6.73,61.94,20.26,-2.2,-2.73,-1.71,1.89,-719,4.86,48.89,57.08,85.15,0.86,0.66,1.58,69.13,446.6,5.28,25.03,0.57,0.212730318
WU,2014,6.175,69710.435,41.19,20.34,17.27,0.56,7.61,70.88,19.3,1.18,2.99,6.76,11.19,231,3.19,51.53,49.4,86.85,1.04,1.04,2.48,33.25,251.99,10.98,26.94,0.56,0
WU,2013,7.358333333,66766.067,41.63,19.98,16.73,0.57,9.16,78.07,18.64,-2.17,-16.74,-22.18,-15.38,-761,4.35,54.61,48.86,89.09,1.12,0.45,3.36,34.25,67.42,10.66,27.3,0.57,0.03826087
WU,2012,8.075,64621.02,43.61,23.48,20.63,0.61,10.06,111.79,24.18,3.16,-3.97,-11.97,-8.15,-941,4.73,51.67,47.98,90.06,1.08,0.95,3.96,66.75,62.35,5.46,28.74,0.61,0.267450404
WEX,2016,4.866666667,74497.901,11.17,-31.59,16.73,0.21,4.01,4.7,4.8,19.17,-22.97,-45.53,-43.51,nan,12.64,37.45,15.84,75,2.37,2.37,1.47,654.24,331.07,0.56,6.66,0.21,0.265501792
WEX,2015,5.266666667,72482.854,24.04,-5.65,37.29,0.21,3.56,9.51,5.66,4.52,-11.46,-44.95,-49.42,60.15,12.8,49.12,36.62,71.83,1.35,1.35,1.11,739.25,748.81,0.49,7,0.21,0.262443439
WEX,2014,6.175,69710.435,60.78,34.88,36.89,0.22,3.88,20.6,11.51,13.96,3.75,35.52,35.6,nan,7.11,52.84,37.77,74.04,1.41,1.41,1.28,798.53,1138.78,0.46,9.19,0.22,-0.106348564
WEX,2013,7.358333333,66766.067,82.21,42.35,33.23,0.22,3.8,17.34,11.07,15.13,34.09,53.95,54.03,-99.78,5.5,60.86,50.1,73.56,1.22,1.22,0.76,831.24,1449.19,0.44,10.84,0.22,-0.001110775
WEX,2012,8.075,64621.02,80.47,39.21,33.09,0.23,3.8,12.69,8.58,12.67,-11.39,-27.47,-27.7,93.02,4.5,56.44,18.94,73.67,2.98,2.98,0.82,843.38,715.97,0.43,10.2,0.23,0.313918005
WNS,2016,4.866666667,74497.901,99.6,-53.74,-53.82,8.34,nan,nan,nan,-2,nan,nan,nan,nan,0.04,74.02,nan,nan,0.01,nan,nan,4.24,245241.47,86.15,51.84,8.34,0.456624319
WNS,2015,5.266666667,72482.854,99.22,-67.34,-67.55,7.04,nan,nan,nan,-3.56,nan,nan,nan,nan,2.44,87.22,nan,nan,0.02,0.01,nan,13.16,114982.74,27.73,60.07,7.04,-0.116704072
WNS,2014,6.175,69710.435,98.63,-59.33,-57.77,5.94,nan,nan,nan,-69.99,nan,nan,nan,nan,0.44,89.99,nan,nan,0.02,0.01,nan,19.02,43577.77,19.19,37.66,5.94,0.509680542
WNS,2013,7.358333333,66766.067,99.63,58.33,58.32,14.87,nan,nan,nan,326.06,nan,nan,nan,7990.5,2.55,81.67,nan,nan,0.04,0.03,nan,5.89,34769.91,62.01,87.45,14.87,-0.057051575
WNS,2012,8.075,64621.02,99.2,-62.37,-62.37,3.97,nan,nan,nan,-28.74,nan,nan,nan,94.12,1.28,84.43,nan,nan,0.02,0.02,nan,23.73,54519.36,15.38,21.96,3.97,1.100671141
WP,2016,4.866666667,74497.901,4.15,0.34,0.37,3.1,9.84,11.22,7.18,-24.92,-53.14,-43.36,-43.56,nan,2.24,31.46,21.35,89.84,1.47,1.29,0.46,21.1,24.6,17.3,6.32,3.1,0.233646427
WP,2015,5.266666667,72482.854,4.01,0.41,0.53,3.95,11.07,23.38,20.17,833.4,nan,nan,nan,nan,1.15,30.87,27.84,90.97,1.11,1.01,0.15,16.88,25.54,21.62,8.68,3.95,0.257275411
WP,2014,6.175,69710.435,3.2,-0.25,-0.27,0.41,15.15,-2.27,-2.09,nan,nan,nan,nan,nan,2.57,34.44,35.39,93.4,0.97,0.91,0.05,160.55,283.2,2.27,0.95,0.41,0.397995283
BTN,2016,4.866666667,74497.901,54.67,20.83,15.29,0.55,4.1,46.26,18.08,5.91,5.75,21.22,13.41,14.09,12.97,19.1,25.86,75.63,0.74,0.71,1.06,31.9,150.96,11.44,1.29,0.55,-0.41875
BTN,2015,5.266666667,72482.854,54.19,21.05,14.29,0.69,33.65,nan,28.18,-1.68,12.86,5.8,6.53,-2.54,13.46,27.48,28.35,97.03,0.97,0.86,9.74,28.67,123.72,12.73,1.31,0.69,0.735357918
BTN,2014,6.175,69710.435,51.99,18.71,12.64,0.74,nan,nan,nan,1.5,15.19,-3.4,-3.92,-6.59,12.88,22.92,30.87,102.38,0.74,0.63,nan,28.59,117.9,12.77,1.31,0.74,0.11352657
BTN,2013,7.358333333,66766.067,50.56,16.93,12.79,0.74,nan,403.67,24.11,-4.66,16.33,4.35,4.51,166.53,14.82,18.61,30.42,101.06,0.61,0.51,nan,32.84,126.72,11.11,1.26,0.74,-0.105831533
BTN,2012,8.075,64621.02,48.96,13.97,11.17,0.8,18.46,124.27,20.16,-7.59,-12.18,33.29,31.89,-48.98,13.58,18.92,38.66,94.58,0.49,0.38,5.86,33.97,123,10.75,1.31,0.8,0.403030303
CTEK,2016,4.866666667,74497.901,20.45,4.42,-0.11,2.44,1.88,43.69,38.27,-1.72,172.31,280.49,300,-90.48,0.34,65.11,43.08,46.67,1.51,1.38,0.07,46.82,nan,7.8,101.63,2.44,0.6875
CTEK,2015,5.266666667,72482.854,17.29,1.6,2.4,3.09,2.59,17.31,16.86,39.11,-41.66,-1.52,-16.67,60.93,0.35,69.61,55.43,61.44,1.26,1.09,0.15,42.33,nan,8.62,172.29,3.09,-0.304347826
CTEK,2014,6.175,69710.435,18.7,3.8,3.22,3.1,2.63,31.96,28.39,2.46,-6.05,-0.81,nan,-45.99,0.21,76.29,59.7,61.98,1.28,1.15,0.06,44.2,nan,8.26,233.93,3.1,0.036036036
CTEK,2013,7.358333333,66766.067,17.87,4.15,3.32,3.99,5.88,169.29,58.66,20.56,nan,nan,nan,nan,0.03,84.78,82.59,83,1.03,0.89,0.02,36.31,nan,10.05,221.68,3.99,-0.25
CTEK,2012,8.075,64621.02,12.99,-4.57,-6.66,4.32,nan,nan,-97.86,63.18,nan,nan,nan,nan,0.08,80.48,87.14,103.81,0.92,0.8,nan,34.44,nan,10.6,170.23,4.32,0.557894737
ISDR,2016,4.866666667,74497.901,74.92,16.05,16.74,1,1.22,16.25,16.25,3.78,63.84,975.64,800,-37.47,9.87,53.09,16.36,17.75,3.24,3.15,nan,38.64,43.97,9.45,63.5,1,1.038888889
ISDR,2015,5.266666667,72482.854,70.33,10.17,0.1,1.09,1.31,1.99,1.99,-14.75,-19.79,243.22,200,nan,5.71,51.22,21.52,23.38,2.38,2.28,nan,51.31,33.92,7.11,72.42,1.09,0.551724138
ISDR,2014,6.175,69710.435,70.17,10.8,-1.74,1.4,1.7,0.82,0.68,54.14,-13.38,-93.3,-93.55,nan,13,39.73,34.35,41.12,1.16,1.07,nan,53.35,23.49,6.84,61.54,1.4,-0.352678571
ISDR,2013,7.358333333,66766.067,70.85,19.23,13.4,1.5,2.2,20.77,18.1,105.37,205.17,105.6,106.67,196.22,0.5,41.8,31.04,54.58,1.35,1.28,0.11,51.91,23.4,7.03,50.07,1.5,-0.080082136
ISDR,2012,8.075,64621.02,65.13,12.94,12.93,2.02,1.38,20,18.21,33.38,22.55,27.77,7.14,15.25,6.96,74.1,23.2,27.35,3.19,3.05,nan,38.4,20.24,9.51,70.45,2.02,1.996923077
NTIP,2016,4.866666667,74497.901,60.37,49.32,49.41,1.48,1.09,56.95,56.95,292.92,717.42,465.45,447.06,437.32,0.06,97.47,8.2,8.2,11.88,11,nan,nan,nan,nan,nan,1.48,-0.294117647
NTIP,2015,5.266666667,72482.854,66.76,23.71,24.06,0.56,1.06,14.77,14.77,34.58,8.39,132.56,142.86,-1.91,0.45,77.03,5.57,5.57,13.84,13.72,nan,30.69,15.81,11.89,nan,0.56,0.626794258
NTIP,2014,6.175,69710.435,71.48,29.43,22.01,0.41,1.08,6.12,6.12,53.54,137.57,73.82,75,nan,0.78,69.4,7.58,7.58,9.15,9.04,nan,30.59,24.65,11.93,nan,0.41,-0.05
NTIP,2013,7.358333333,66766.067,70.58,19.02,19.47,0.26,1.02,3.4,3.4,-7.83,-54.25,-61.31,-55.56,nan,55.67,65.12,2.42,2.42,26.91,26.55,nan,36.17,28.47,10.09,nan,0.26,0.392405063
NTIP,2012,8.075,64621.02,70.09,38.32,38.77,0.3,1.03,9.32,9.32,17.57,117.42,-69.08,-66.67,35.89,nan,78.94,2.77,2.77,28.52,28.25,nan,32.21,28.89,11.33,nan,0.3,0.35042735
VHC,2016,4.866666667,74497.901,14.61,9.39,9.21,1.66,1.86,24.5,15.06,12.48,55.75,75.7,80.88,nan,4.88,61.75,34.13,46.3,1.81,0.98,0.22,48.04,13.9,7.6,5.67,1.66,0.450980392
VHC,2015,5.266666667,72482.854,12.36,6.66,5.95,1.47,2.1,15.33,7.44,3.19,-25.2,-26.55,-31.88,nan,5.36,65.34,41.86,52.19,1.57,0.73,0.21,43.1,14.26,8.47,5.8,1.47,-0.007782101
VHC,2014,6.175,69710.435,13.08,6.62,9.33,1.79,2.4,26.31,15.56,23.5,163.01,177.27,179.53,nan,5.75,69.43,56.62,58.22,1.23,0.58,0.03,26.5,11,13.77,7.11,1.79,-0.531876138
VHC,2013,7.358333333,66766.067,11.85,6.99,4.47,1.81,1.74,11.33,7.11,20.51,-9.54,-24.74,-26.22,nan,3.87,65.13,36.65,40.36,1.84,0.48,0.06,25.93,8.4,14.08,7.53,1.81,-0.717156105
VHC,2012,8.075,64621.02,12.95,5.75,6.38,1.54,2.31,16.36,9.76,3.02,-50.58,-46.63,-45.83,nan,5.24,74.25,55.66,55.66,1.37,0.69,nan,36.6,12.51,9.97,7.45,1.54,-0.337090164